index,rate,date,content
,5,2025.07.22.,"제주도를 몇번을 오고도 기다리는걸 힘들어해서 엄두도 안내고있다가 오후 4시쯤 방문하면 웨이팅이 적다는 정보를 입수하고 찾아간 연돈!!

두꺼운 고기를 잘튀긴 돈까스임!!

다만,, 개인적으론 제주흑돼지는 퀄리티 문제로 안좋아하고 백돼지를 좋아하는데..
별로인 식재료를 잡내도 완벽하게 잡고 직접 빵가루를 만드는 수고로움을 감수하며
튀김유에도 많은 고민을 한것이 느껴졌음.
그냥 동네 잘하는 돈까스집이라 생각될수도 있지만, 돈까스라는 대중적인 음식하나에 이토록 장인정신을 쏟을 수 있다는 점을 높이 평가!!

다만, 같이 나오는 밥이 윤기, 찰기도 없이 너무 맛없는 밥이라서.. 양이 적음에도 불구하고 남기게 되는..
밥에서 별하나 뺍니다.
제주에서 먹는 쌀밥은 왜 하나같이 맛이 별로인지 ㅡㅡ 제주에 쌀이 안나서 그런가??

11,000원에 이정도두께 이정도 퀄리티의 돈까스는 가성비가 맞음
다만 유명해서 웨이팅이 있을뿐!!
기다리는게 싫으면 안먹던지, 나처럼 4~5시에 가면 됨 "
,3,2025.07.20.,6년만에 다시 방문한 연돈은 예전의 그 모습을 잃어버렸다. 
,1,2025.07.19.,"돈까스 장인은.. 개뿔

김응서도 공범이다 "
,2,2025.07.19.,등심까스는 맛있었지만 안심까스는 글쎄요 기름을 잔뜩먹어서 부드럽지만 너무 느끼했습니다 거기다 깎두기는 그냥 무맛이었습니다 양념이 전혀 베질 안아서 말그대로 무맛이었습니다 카레는 그냥저냥 그랬습니다 23년도에 먹었던 맛이 훨씬 맛있었습니다 3번째 재방문 의사는 없습니다 
,3,2025.07.18.,"너무 오래 기다려시 힘드렀이오.
맛은 다른곳과 별다르지 않음 "
,1,2025.07.17.,
,1,2025.07.14.,
,1,2025.07.12.,
,1,2025.07.10.,
,3,2025.07.09.,"동네에서 잘하는 돈가스집이 하나쯤은 있잖아요?
그정도?
문제가 주문도 내가해 음식도 내가 가져가
다먹고 다시갔다놓는게 딱 푸드코트느낌이였고
어떻게 하면 다시 올 마음이 들까 적었다가...
내가 뭘안다고 적나싶어 다지웠습니다
잘먹었습니다!  "
,5,2025.07.08.,돈까스가 맛있어 봤자지 하고 생각했고 돈까스를 안좋아함 근데 여기는 질기지 않고 바삭한데 기름이 많이 없어서 느끼하지 않은 삼박자 다 갖춤 아무리 맛있다 하는 집들은 기름땜에 느끼해서 콜라를 엄청 먹는데 친구랑 나 콜라를 안마심 
,3,2025.07.08.,"매장바닥,테이블,쟁반 너무 끈적거렸어요. 걸을때마다 쩍쩍...직원들이 대충 닦는건가요.. 맛은 한번정도 먹어보면 좋을듯 싶어요. 홀관리를 좀 하셔야할 것 같아요. "
,4,2025.06.30.,"엄청 빠삭한 돈까스는 맞고
맛은 있고 고기도 두툼하게 좋은데 웨이팅을 몇 시간 할 만큼은 아니고 한 번쯤은 먹어볼 만 한 듯
근데 가게 음식 픽업 등 전부 셀프네요

지금은 좀 공장형 식당 느낌 "
,3,2025.06.28.,여기 맛도 분위기도 시스템도 다 휴게소 돈까스 됬습니다.  
,4,2025.06.28.,"빈집이라 주말 9시 20분쯤 도착했는데 대기번호 15번!

치즈까스, 등심까스 다 맛있었고 기대 없었던
카레가 너무 맛있었다

백종원 나락으로 사람 빠진 지금 한번 가볼만 할듯 "
,1,2025.06.26.,왜캐 부들대냐 한국국적아닌 차단아 니 애미랑 실컷 싸구려 유사공업용돈까스 먹어라 가게안에 직원들은 죄다 도살장끌려온 똥씹은표정이고 고속도로 휴게소 직원들보다 더 셀프이고 비싸고 국산돼지고기도 아니고 무지성찬양하고 거기에 대한 근거는 못대는 댓글알바들 ㅉㅉ 댓글알바 차단아 왜사냐 먹으러가보니 다된식어빠진 돈까스파니까 아닌건아니라고 말하는거구만 그리고 마트델리코너 몇개월근무가 어떻게 일본돈까스 장인이냐? 공익적인 목적으로 알릴려고 적는다 이 후기 보고 나같이 돈날리지말라고 
,5,2025.06.26.,"기대를 하지 말라해서 정말 안한것 치고는 맛있었습니다. 빵가루가 바삭해서 마치 가라아게를 먹는 느낌이 나지만, 고기나 카레, 돈가스 소스는 엄청난 맛이고 그런건 아닙니다. 요즘 나오는 프리미엄 돈가스와는 다른 결의 정통 돈가스 느낌이고, 맛있게 먹었습니다. 예약이 조금만 더 쉬웠으면 좋겠네요. "
,3,2025.06.24.,"2025.06 9시30분부터 기다려서 웨이팅번호45번, 13시10분 입장. 음식은 빨리나왔지만, 넓은매장에서 대부분이 셀프(픽업리턴)인 점이 조금 불편하게 느껴졌고, 제가 식사하는 동안 사장님 부부는 보지 못했습니다. 음식은 나쁘진 않은데 쏘쏘해서 굳이 재방문 의사는 없어요.

2021.06 전날저녁 연돈 예약 실패해서 볼카츠 테이크아웃 구매. 재구매의사 없음. "
,5,2025.06.23.,한국에 정병 저능아들 참많네...ㅋㅋ 저런것들은 리뷰를 못달게해야합니다. 사장님 힘내세요 
,5,2025.06.22.,"정확히 오후 4시에서 4시 30분 사이에 오면 10~30분 사이 대기하고 먹을 수 있음
평일 주말 오후 4시에서 4시 30분에 방문 하시길

튀김이 딱딱할 정도로 바삭하고 맛있음.
 "
,3,2025.06.21.,웨이팅할정도 아님
,5,2025.06.18.,"현장 웨이팅 걸고 다른 곳에서 놀다가 오면된다.
앞에서 2시간을 기다렸다면 후회하였겠지만 시간 맞춰서 가서 먹으면 만족하면서 먹을 수 있는 돈가스집.
튀김옷이 엄청 빠삭하고 맛있다.
주차공간은 충분하다. "
,5,2025.06.18.,튀김옷이 정말 부드러우면서 바삭바삭 했어요. 그리고 치즈카츠의 치즈도 좋은 치즈인것 같아요. 웨이팅이 불편하기는 하지만 전반적인 시스템은 상당히 효율적으로 운영되고 있는 것 같습니다. 주문하고 얼마 안되서 음식 받았습니다. 참 깍두기의 무가 참 맛있었습니다. 
,5,2025.06.18.,"큰 기대하고 가시진 마시길..
맛있어요.
 "
,5,2025.06.17.,"다른 돈까스집과 달리 사장님의 고집으로 빵가루를 직접 만들어서 사용해서 그런지 돈까스를 다 먹을을 때까지 바삭했고 두툼해서 더 맛있었습니다. 양도 넉넉하고 이퀄리티에 이가격이면 가성비가 좋네요.
치즈볼까츠도 맛있더라고요.
저는 오뚜기카레에 익숙해서인지 카레는 좀 안맞았는데 남편은 카레가 맛있다고 해서 매장에서 연돈카레를 팔아서 한박스 사왔습니다.
화요일 오후 3시40분쯤 갔을 때 대기 21번째 였었는데 20분쯤 기다리고 들어갈 수 있었어요. 브레이크 타임이 없으니까  평일 4시이후에 가면 많이 안기다리고 들어갈 수 있겠습니다. "
,3,2025.06.10.,"✰✰✰✰✰
사장님 계시길래 도시락 샀는데 사장님이 하시는게 훨씬 맛있고 좋음. 


✰✰
짜고 따갑다. 대형식당 특성상 고기랑 치즈도 살짝 굳음.
국이랑 카레 전부 짰고 튀김옷은 바삭한게 아니고 과자같은 식감이라 빠드득하고 입천장 다까짐
치즈볼카츠 살짝 굳어있었고 굳이 먹지 않아도 될거같음. 백선생은 본인 지점들 골목식당하는게 좋지않을지 "
,4,2025.06.08.,이연복 없어서 별 하나 뺍니다
,5,2025.06.08.,
,2,2025.06.07.,"평일 오후에 도착해서 1시간 웨이팅 하고 먹었는데, 굳이 웨이팅까지 할 필요 없는 맛
서울 유명 돈까스집이 훨씬 더 맛있어요
 "
,3,2025.06.07.,
,1,2025.06.06.,"인기 많아 신축건물로 옮겼으면
좀 넓게 지어서 이용이 편해야 하는데

이른 아침 7:00시부터 줄서서 대기해야
12:00시 오픈시간 근처에 입장이래서
이번에도 포기했습니다

연돈 식사 위해 
일부러 더본호텔에 투숙했지만

짧은 일정에
한 끼 식사 위해
하루를 버릴 수는 없네요... "
,1,2025.06.04.,평일 인데도 대기가  내앞에 100여명…. 증말  60평생 겪는 현상…허리 부러진다… 
,1,2025.05.30.,뿌가 잘 활용해먹은 이미지일 뿐 
,4,2025.05.29.,"메뉴별 로  다 시켯는 데 안심빼고 다 맛은 괸찬 은 거 같앗어요.  그중 에 등심과 하이라스  추천드려요.
가게되면 재방문 의사 있어요.  "
,1,2025.05.27.,"맛은 그럭저럭 
깍두기에서 초파리나옴
음식말라있음
튀김 바삭한대 돈까스다식음 별로 "
,5,2025.05.27.,"돼지고기
냄새가 안난다.     "
,1,2025.05.25.,
,5,2025.05.25.,힘내세요! 진짜맛있어요 
,4,2025.05.25.,"9시 40분즘 슬쩍 가봤는데 줄이 별로 안길어서 먹어봤어요 1시 10분 즘 입장했습니다
등심은 다른 리뷰들처럼 튀김옷이 너무 빠작빠작해서 입천장 까질 위험이 있긴한데요 기름기가 진짜 쫙쫙 빠져있어서 담백하긴 하나 약간 퍽퍽함에 가깝게 느낄수도 있겠어요 돈가스 소스에 겨자 풀어 찍어 먹으니 이 가격 치고는.. 고기 자체도 너무 좋고 두툼해서 훌륭하다고 생각되긴 했습니다
치즈카츠는 사실 요즘 어느 일식집을 가도 잘하는데가 많고 조합자체가 맛없없인지라 기대를 전혀 안하고 왔는데 나중에 한 접시 더 시키려니 품절이라 못시켰어요.. 왜 유명한지 알 것 같은데, 치즈카츠에 스페셜한 무언가가 있다기보다는 완벽히 정석에 가깝다고 느꼈어요. 카츠 자체의 간이 아주 잘 되어있고, 그러다보니 소스 찍는 게 아까워서 아무것도 안찍고 다 먹었고요 튀김온도를 어떻게 맞추는건지, 먹다보면 보통 물리고 느끼해지는 포인트가 오게 마련인데 여기는 전혀 그런거 없이 끝까지 더 먹고 싶었습니다 "
,5,2025.05.23.,"누가 뭐래도 맛있는건 ㄹㅇ임
사장님이 돈가스에 진심인건 완전 사실이고 그래서 그런지 진짜 평범한 돈가스랑은 차원이 다름!!!
직원분들 짱 친절하심.. 또 먹으러 가야지 🥰🥰👍👍 "
,1,2025.05.23.,마트 시식코너 맛 같아유
,5,2025.05.19.,
,5,2025.05.17.,
,5,2025.05.15.,확실히 여타 돈까스 집보단 맛있음
,4,2025.05.14.,
,5,2025.05.14.,
,1,2025.05.13.,….더본 미끼다
,4,2025.05.13.,"일요일 점심 기준 2시간정도 웨이팅
캐치테이블로 먼저 걸어놓고 다른곳 들렸다가 먹는거 추천!
등심카츠 고기비율이 많아서 두툼하고
안심은 더 부드러워여 특별한점은 튀김옷이 미친듯이 바삭하고 눅눅한게 없음 bbq 치킨 느낌..(?
기대를 많이 한다면 실망할 수 있듬
저는 볼카츠가 더 맛있었어여! "
,1,2025.05.13.,
,1,2025.05.13.,The worst cutlet ever
,5,2025.05.12.,겁나게 마시써용 ^^*
,2,2025.05.11.,"논란 없을때 갔었고 웨이팅 있던 시절에 갔음
치즈돈까스에 기대를 엄청 했었는데 뭐 그럭저럭 그냥..
한번이면 궁금해서 먹어볼만하나 두번은 좀.. 

카레도 먹었는데 카레를 오뚜기만 먹어봐서 그런진 모르겠는데 제 입맛엔 별로였습니다 굳이 이가격주고 안먹어도 될듯합니다

지나가다가 궁금하면 드셔보세요 그냥그래요~ "
,1,2025.05.11.,집앞 김천 스페셜정식이 더맛있음  
,1,2025.05.11.,데리코나 시치넨상의 장인정신이 느껴지는 맛입니다. 5년동안 배워서 안성재 쉐프 압도하고 싶습니다. 
,1,2025.05.11.,"논란이 없던 시절 1? 2년 전 쯤에 갔었는데 최악의 돈까스였음. 기본적으로 튀김이 너무 딱딱해서 먹기 힘들 정도이고 그냥 인터넷에 파는 돈까스 대충 여러 번 튀겨 나온 느낌.. 고기 자체가 맛이 없고 기본이 안되어 있으니 소스를 평가하는 것도 의미가 없음.

튀김 옷이 바삭하다는 입천장이 까질 법한 경도를 가지는 돈까스에 어울리지는 않는다고 생각함.

기다리면서까지 먹을 맛은 절대 아님. 그 시간에 다른 식당을 찾아 보는게 더 나음 "
,1,2025.05.11.,돈까스 미리 튀겨놓는건 김밥천국도 안하는짓임 
,1,2025.05.10.,걍 별로였음 
,4,2025.05.08.,"평일 두세시쯤 갔더니 15분쯤 기다린 후 입장..
혼자 가서 안심가츠와 카레를 주문했는데
돈까스 기름을 어떻게 뺀건지 
기름기 없이 빠삭하고 맛있었습니다.
소금이랑 와사비 셀프로 가져다가 먹으니
두배로 맛있었습니다.
혹평을 남기시는 분들도 꽤 있어 망설였는데
전 운이 좋았는지 아주 맛있게 먹었습니다.
아쉬운 점이 있다면 양배추 샐러드가 좀 부족했고,
모두 강추하시길래 주문한 카레가
제 입엔 넘 달았습니다.
올레길 걷고 힘들었지만 만족스러운 식사였습니다.
가족들과 함께하지 못해 살짝 쏴리~
 "
,5,2025.05.06.,"아침에 숙소에서 늦게 출발해서 망했다 싶었는데 생각보다 적었던 웨이팅 덕분에 치즈돈가스도 성공! 한 입 먹자마자 미소가 절로 나왔던 맛
치즈 -> 안심 -> 등심 순으로 맛있었다.
원래 튀김류 먹을땐 항상 콜라는 필수로 먹는 사람인데 처음으로 콜라생각 1도 안남 "
,5,2025.05.05.,
,3,2025.05.04.,"저녁에 방문해 웨이팅 없이 입장
푸드코트마냥 음식 주문하면 바로 음식이 나온다.
돈까스 튀김이 매우 바삭한점을 빼면 고기는 평범한 편.
웨이팅을 하면서 먹을만 한가 질문을 하면 글쎄
 "
,1,2025.05.04.,"더본호텔을 위한 미끼상품
 "
,5,2025.05.02.,
,3,2025.05.02,
,5,2025.05.01.,"치즈카츠는 평범
등심카츠는 정말 바삭하고 고기가 엄청 부드러움
등심카츠 가성비 인정! "
,2,2025.05.01.,이제 알바들이 튀겨서 산더미처럼 쌓아두고 푸드코트마냥 접시만 빼주는데 웨이팅까지 해가며 갈 이유가 있나? 
,4,2025.04.30.,"현장예약만 가능하며 저희는 200번대에 먹을수 있었어요 앉아서 음식 시킬랬는데 치돈은 물량이 한정이여서 품절이였고 등심,안심,치즈볼카츠를 시켜 먹어봤는데 저는 개인적으로 등심보단 안심돈까스가 더 좋았어요 더 담백하고 부드럽더라고요 많이 퍽퍽하지도 않고 저는 안심 추천드려요 "
,1,2025.04.29.,"[총평]
이 가격에 이 서비스면, 웨이팅까지 해가면서 먹을 정도는 아님. 제주도에 이것때문에 올 건 아니고, 왔는데 먹을 거 없으면 들릴만함. 

[맛 총평]
솔직히 튀김가루는 기름기가 적어서 맛있긴하지만 그냥 수도권 프렌차이즈에서 먹는맛이나 비슷함

오후에 가면 치즈까스는 없고, 치즈볼카츠는 있는데 치즈는 다 굳어서 나옴

[서비스 총평]
모든게 셀프 // 직원들이 청소를 제외하고 홀에 아예 안들어옴. 음식을 들고오는것, 가져다 놓는것, 결제, 반찬, 집기류, 물, 기타 등등 전부다 셀프임. 흡사 패스트푸드 점같음. 

픽업존에서 픽업도 혼란의 카오스.. 전달해주시다가 흘려도 어쩔 수 없음

유아전용테이블이 비치되어있지만 그것도 셀프로 직접 가져와서 이용하면 됨.

주차는 현재(2025.04)는 주차비 받지않지만, 이전에는 받았고 차단기가 있어서 언제 다시 받을 지 모름

[분위기 총평]
직원들이 상냥하지않고, 픽업존에서 움직이지않음. 매장자체는 넓고 깨끗한 편임.  "
,3,2025.04.25.,"맛있음
고기에 수분이 빠졌는데도 퍽퍽하지 않고 맛있음
다만 입천장 분쇄될 만큼 튀김옷이 공격적임.
또 직원분들이 턱에 마스크를 걸치는 멋드러진 모습이라 아쉬웠음. 고오급 와사비, 소금에 포크는 나도 좀 킹받음 ㅎ "
,3,2025.04.24.,"맛은 식은것 빼곤 괜찮은데…
직원들 상태들이 왜그러냐..
친절하지도 않고 다들 무표정에..
사장님 내외는 안계시는듯 했고..
 "
,1,2025.04.24.,
,5,2025.04.18.,"맛잇게 냠냠 먹고 후기 보러 들어왔는데 평점 안 좋아서 후기 날림. 
어제도 먹고 오늘도 맛있어서 또 옴. 어제도 오늘도 웨이팅 없이 들어왔는데 애~매한 시간에 오면 자리 많음. 등심도 먹고 안심도 먹었는데 둘 다 맛잇음. (치즈 볼카츠는 걍 보통) 일단 가격 대비 맛이 정말 훌륭함. 이 금액대에 맛있는 돈까스 먹어본 적이 없음.  튀김옷이 예술임. 한입 베어 물면 느껴지는 바삭함과 형용할 수 없는 유니크한 단맛의 식감. 고기는 안심이 부드러워서 더 좋은데 튀김옷의 식감 자체는 등심 먹었을 때가 더 크게 다가왔음. 정말정말 강추함. 물론 셀프서비스에 막 그렇게 갓 나온 따끈따끈함은 아니어도 전혀 불만 없음. (그 정도로 맛있었음) "
,1,2025.04.18.,"뜨거울것을 우려한 미지근함의 속살과
바삭을넘어선 식감과 눅눅함까지 동시에
고급퀄리티의 와사비와 소금 
조금씩만 덜어갈수있게한 배려
나이프없이 가위로 편리함 제공
모든게 풀셀프 체험서비스
다행이다! 설거지는 해주셔서 "
,2,2025.04.17.,"저는 저녁 5시 타임에 방문했는데, 웨이팅은 약 15분정도 한거 같아요. 등심돈가스를 먹었는데 그냥 동네에 있으면 자주 갈 정도의 맛은 됩니다. 근데 주문하고 거의 바로나오는데요. 미리 조리해놨다가 주는 거라서 다 식어있습니다. 다만 4월에 주차비 무료라고 되어 있는데, 그러면 평상시에 주차비를 받았었다는 말인데.. "
,2,2025.04.16.,"수요일 6시 웨이팅2명
등심이 안심만큼 촉촉한편
백종원이 문제되고 자시고를 떠나 맛이없는데.. "
,5,2025.04.16.,"솔까 맛은 상타
돈까스 1.5개 먹었는데 아예 느끼함 못느꼈고
바삭하고 담백고소깔끔함
최근 댓글들만 평점이 안좋은거보니
백종원 때매 연돈이 억까당하는듯 "
,1,2025.04.16.,제주도에 돈까스 맛있는곳이 얼마나 많은데 ㅎㅎㅎ 
,5,2025.04.11.,"생각보다 더 바삭 해요 맛있어요 
 "
,1,2025.04.10.,아....여기 왜이렇게 변했나요...진짜 너무너무 아쉽고 안타까움 직원들도 너무너무 피곤해보이고 다들 응대자체를 잘 안해요 모든게 셀프이고 웨이팅도 짧게 하는것도 아닌데 뭔가 옛다 빨리 먹고 너네가 알아서 다 갖다먹고 얼른 나가라 이런느낌이 강했네요..그리고 돈까스도 미리 만들어서 식은건지 뭔지 튀김옷은 너무 딱딱해서 잇몸에 상처날정도이고 수분이 다 빠져서 엄청 퍽퍽해서 탄산음료로 목 안뚫어주면 못먹을 정도에요 주차도 요금을 받으시는건지 이번달만 무료라고 되어있는건 참... 사장님 부부 너무 좋아보이시고 사명감을 가지고 요리하시는 분들같은데 백종원 같은 사기꾼 만나서 다 망쳤네요 진짜 에휴 
,1,2025.04.09.," 미리 튀겨놔서 고기는 육즙도 없고 퍼석퍼석하고 잡내 살짝납니다. 특히 안심은 절대 먹지마세요.

튀김옷은 바삭하다못해 딱딱해서 입이 아플지경

카레는 양은 적은데 다 남길정도

처음엔 어땠는지 모르겠지만 지금상태는 절대 웨이팅할만한 집이 아닙니다.

궁금해서 먹어봤는데 이제 이쪽은 쳐다도 안볼거같네요. 

 동네분식점을 가도 이거보다 나을듯 "
,1,2025.04.07.,"맛은 동네에있는 일반돈가스집보다도 못하고요
직원들은 거의 무표정에 피곤한모습이며  친절도는 거의 최악입니다.  
유명맛집 방문인증샷 찍으실분만 방문하세요
웨이팅후 자리에 앉아서 테이블키오스크로 주문하고기다리면 키오스크화면에 음식나왔다고 나오면 손님들이 음식을 가지러가는 시스템인데 가족과 얘기하느라 음식나온걸못봤는데 직원이 저희테이블로 오더니 음식나왔다고 가져가시라고 얘기하는데 하도 퉁명스럽게  툭던지듯 얘기해서 순간 욕나올뻔했네요
등심과 안심돈가스 볼카츠주문하고 먹다가 추가로 콜라주문했는데 콜라를 기다려도 화면에도 안나오고 가져다주지도않아서 기다리다물어봤더니 그건또 직접
받으러와야된다네요.식사후 반납도 손님이 갖다줘야됩니다.
음식먹으러갔다가 영 기분만 잡쳤네요
와이프가 제주원픽으로 꼭 가서먹고싶다해서 왔는데 와이프도 넘실망스럽다고하네요
돈가스먹고 체해서 지금 소화제먹고쉬네요
맛도 서비스도 최악인데도 계속 이런식으로 장사
할수있는건 아마도 사진찍으러오는 인스타족이나 알바댓글러에 속아서오는 호갱님들덕인것같아요
직접경험하시면 제의견이 과장된게 아니라는걸
느끼실꺼예요 물론 느끼실땐 이미 늦었겠지만...
 "
,1,2025.04.05.,"저렴한 가격도 아닌데 반납 물까지 전부 셀프
요즘 서울 가면 이보다 좋은 퀄리티 카츠집 많아요
양도 적고, 기다림은 자유지만 웨이팅이 의아해지는... "
,2,2025.04.01.,왜 내가 웨이팅 했던건가 .. 
,1,2025.03.31.,"왜이리 변했나요... 두번째 인데.. 너무 변했어요.. 셀프시스템 때문에 안갈거 같아요... 고기, 치즈가 차갑게 식어버려요 "
,3,2025.03.30.,"평일 아침 7시반 기준 9번이었습니다
웨이팅하기가 힘들어서 또 올 일은 없겠다싶어 치즈, 안심, 등심 다 시켰어요
제일 인기 많은 치즈까스는 생각보다 평범했고
등심까스가 진짜 맛있었어요
튀김옷이 바삭바삭 대박이더군요
원래 안심까스를 더 좋아하는데 연돈은 등심까스가 탑입니다
음료는 주문하고 나오는 게 아니라 셀프로 가져가야합니다 "
,5,2025.03.29.,"정말 객관적으로 전국 돈가스집 다 모아놓고 이보다 낫냐 하면 선뜻 나서기 힘들 것. 거기에 기본도 없이 온갖 폼만 잡고 유명 맛집 비주얼이나 따라하는 돈가스집들도 만오천원 안팍인데 여긴 기본 1만1천원이다. 가격에서 사실 압살임. 이 정도 퀄리티에 셀프어쩌네 불만이 있으려면 가격이 만오천원정도 일 때 얘기고…
내 돈가스 기준(명동, 한성, 댓짱)엔 살짝 두꺼웠지만 워낙 바삭하고 고기손질을 잘 해놔서 두꺼운 느낌 전혀 없었고 튀김옷의 바삭함과 고기와의 밀착력, 고기연함은 누가 뭐래도 전국최고임. 오히려 너무 바삭해서 조금만 선을 넘을 경우 딱딱해질 거 같은데 아슬아슬하게 잘 지켰음. 그리고 엄청난 웨이팅 때문이겠지만 미리 튀겨놓은 걸 줘서 명동처럼 바로 앞에서 받아먹는 뜨거운 맛이 없는 게 좀 아쉬움.
부분적으로 튀김옷 고소함은 명동, 한성 승.
장국, 소스류, 가게감성 명동 승.
메뉴구성 댓짱 승.
카레는 가게에서는 안먹고 3분카레 사다가 집에서 먹어봤는데 오뚜기처럼 팍 치는 3분카레맛 덜하고 먹은 후 속불편함이 없어서 좋았음. 삼삼하고 부드러우면서 버터향이 어우러지는 맛. 그런데 나트륨 함량은 오뚜기보다 높네?? 맛집들 다녀보면 오뚜기카레, 비비고만두, 햇반 등 대기업들 새삼 대단하다 느낌ㅎㅎㅎ
어쨌건 카레는 카레맛,
돈가스 역시 돈가스맛~
 "
,5,2025.03.29.,"와.. 진짜 바삭바삭.. 먹을때까지 바삭바삭..!!
카레는 밥이랑 먹으니 더 맛있어요.
 "
,3,2025.03.27.,
,1,2025.03.25.,
,1,2025.03.25.,
,5,2025.03.23.,"포방터시장에 있을 때 갔다
플라스틱의자에 앉아서
와이파이만 되는 미용실? 같은 곳에
앉아서 웨이팅했는데 
인생돈까스다
속도 너무 편안했고 돈까스가 입에 녹는
이상현상을 경험
제주도 가면 또 가고싶다 "
,4,2025.03.23.,양많고 바삭합니다.
,5,2025.03.22.,"진짜 정말 맛있는 집.
일본에서 먹은 돈까스 뺨때리는 맛임
개인적으로는 치즈카츠보다 등심카츠가 압살입니다
4일내내 먹고싶은 맛... "
,3,2025.03.21.,
,3,2025.03.17.,"맛은 확실히 있다, 다만 초심을 잃은 느낌.
음식을 가져다 먹고 반납하는 서비스 상당히 아쉬움. 
소금 더는 곳에 포크 넣어놓은거 상당히 킹받음. 차라리 작은 스푼을 넣어놓지.
요즘 제주 사람 없어서 저녁엔 웨이팅 거의 없음. 이때와서 드시길.  "
,1,2025.03.14.,"치즈.안심 주문 했는데  주차장에 주차를하고 비가 엄청나게 쏟아 붓는 가운데 아내와 교대해 가면서 3시간 기다려서 먹어 보았는데 일반돈까스와 별반 다를게 없습니다.서빙 자체도 너무 불친절하고 명색이 사장이라는 사람은 위생복도 없이 검은 페션에 검은 모자가 보기 영 안좋습니다.
두번 다시 방문 안합니다. "
,5,2025.03.13.,"맛없다는 사람들은 재벌3세라도 되나 ㅋㅋ
여자친구랑 너무 잘 먹고옴. 
안심돈까스보다 등심돈까스 추천 "
,2,2025.03.11.,"줄서서 먹을정도는 아닌데...
동네 잘하는 돈가스집정도. "
,5,2025.03.11.,
,1,2025.03.11.,
,5,2025.03.10.,"딸이 연돈 가자고 보채서 1시에 접수해서
6시쯤 먹었습니다 
돈까스,카레 둘 다 맛있어요
카레 포장된거 사왔어요  "
,1,2025.03.05.,
,2,2025.03.05.,"그냥 동네 돈까스집.
백종원의 이름은 그때였던듯.
제주갔으니 한 번 가본다 할 가게.
저녁 6시 45분?정도 도착해서 웨이팅9팀 있었으나 홀이 넓고 테이블이 많아서 금방  들어갔는데 테이블한쪽에 물기가 있어서 내가 닦아냄.
좀 정신없고 바쁜 가게 "
,1,2025.03.04.,방송힘이 대단한게 이런 평범한 돈까스를 최고라고 하는게 정말 이해가 안되네요… 카레도 저게 5천원… 다 셀프에 일하는 분들은 떠들면서 옆에서 시끄럽게 하고… 치즈볼은 진짜 맛있어요 돈까스는 진짜 기다릴 필요성이없는 맛이에요 
,2,2025.03.03.,"셀프라서 회전율은 빠르지만 미리 대량으로 돈까스를 만들어놔서 퍽퍽하고 맛없음
동네서 흔하게 먹을수있는 맛  "
,4,2025.03.03.,"맛있어요
그런데, 수도권만 해도 이정도 맛있는 돈까스집 흔한 정도입니다
장점은 관광지임에도 불구하고 저렴한 가격입니다
평균 13시30분이면 치즈카츠는 품절이라고 보면 됩니다
48번인데 마지막 치즈카츠 먹었어요

돈까스 매니아다 - 방문 추천
호텔더본 투숙한다 - 방문 추천
그 외는 굳이?? 비추입니다

웨이팅 시간과 식사 시간에 다시 여길 와야하는 번거로움을 관광하는 시간에 투자하세요! "
,5,2025.03.03.,
,5,2025.03.02.,
,5,2025.03.01.,"맛있었어요. 튀김옷이 요즘 흔한 돈카츠와는 다르더라고요. 근데 와 놀랄만한 맛이라기보다는 여행 오면 1시간정도까지는 기다리고 먹을만한 정도?

카레는 딱 일본카레 맛이었어요. 특유의 그 약간 시큼한 맛이 있는?.. 음 연돈은 나중에 웨이팅 없으면 먹으러갈 것 같아요. "
,5,2025.03.01.,지나가다가 보이면 함 연돈 바로옆 연돈볼카츠에서 먹고 가보세요 진짜 천상의맛입니다 ㅠ 연돈은 웨이팅 눌러봤더니 138번째라 기다리진 못했지만 연돈볼카츠에서 너무너무 맛있게 묵고갑니다 받자마자 바로 드세요 다른지역 가맹점말고 여기가 진짜네요 
,4,2025.02.27.,"등심 먹었는데 꽤나 맛있었어요. 특히 기름이 산패되거나 느끼하지 않고, 돈까스 튀김옷이 빠작빠작한 게 다른 데서 거의 안 먹어본 식감이네요. 다른 돈까스랑은 확실히 달라요. 그렇지만 이게 사전예약까지 두번 방문해서 먹어야 할 정도로 엄청난 맛인진 잘 모르겠어요. 등심 고기 자체나 소스, 사이드는 지극히 평범합니다. 재료의 질이 좋고 직원분들이 엄청 친절하시지만 다 셀프서비스고 바닥이 좀 끈끈한 것도 불편했어요. 기회가 되면 일찍 방문해서 치돈은 한번 더 도전해 보고 싶긴 하네요.  "
,2,2025.02.26.,자리가 비어있는데 웨이팅 인원들로 왜 안꽉채우는지 의문. . 
,3,2025.02.26.,"바삭한데 기대 이하였어요. 맛없지는 않지만 최근 먹은 돈까스 중에 제일 별로였어요. 
12시에 웨이팅 걸어서 네시 반에 먹었는데 오픈전부터 줄서서 기다렸으면 화났을 거 같아요.
셀프로 가지러 가고 갖다주는 것도 별로네요. "
,5,2025.02.22.,
,1,2025.02.22.,몇시간을기다려  아침에 대기 번호 받아오후4시에 먹었는데  고기가 퍽퍽하고  음식이 다 짜고 카레도 짜었어요  이날만 고기가 안좋았던걸까요? 
,5,2025.02.22.,지난 1월 3일에 죽기전엔 한번 먹어봐야될꺼 같아서 방문했습니다. 11시반 예약 239번 17시 30분쯤 먹었습니다. 200번 이후는 17시 이후라 안내되어 있어서 시간맞춰서 재방문 했습니다. 치즈까츠는 품절이었으나 치즈볼까츠 추가로 등심 안심 하나씩 먹었습니다. 소원은 성취했고 치즈까츠도 먹어보기 위해 재방문 해야겠습니다^^ 사장님 치즈재료 늘려주세요~~ 200번 안까지 먹을수 있게 재도전 하겠습니다^^ 
,5,2025.02.19.,"월요일이라 기다려보기로 했는데...
10시 10분에 번호 148번 받았어요
색달래수욕장가서 물놀이하고 식사는 4시에 했습니다

입장예상시간이 거의 정확하네요 ㅎㅎ

전 너무 맛있었고 치즈돈까스는 품절이라 치즈볼카츠 추가 주문해서 아쉬움을 달랬습니다 "
,1,2025.02.17.,"하.. 한시간 기다리고 먹어도 이렇게
열받는데 ㅋㅋㅋ배가 엄청 고팠음에도.. 왜
미리튀겨놨다는 말이 나오는지 알겠어요 
튀김옷에 입안 다까져요  백종원님 실망! 지금 드셔도 맛있다고 하실까요? 넘 궁금합니다 
집앞에 있고 웨이팅 없다고 해도 안갈맛이에요 냉동돈까스만도 못해요 여기외국인이오면 제가다 부끄러울거같네요 ㅋ 여행망치기싫으면 가지말것 "
,4,2025.02.15.,"한번 방문으로 모든걸 판단할순 없지만😅 도움되시라고 3.5점인데 그렇게 별점줄수는 없네요 튀김은 정말 특별해요 천천히 먹고 다 식어도 바삭한 식감은 인정! 치즈도 고소하고 안 딱딱해져요 그런점은 신기한데.. 맛은 평범 무난했어요
안심을 먹어봐야했을까ㅜㅜ 결국엔 김치찾는 맛? 저는 돈가스 맛있는집은 김치나 피클생각이 잘 안나는데 연돈은 한개먹고 바로 김치 먹었네요 무난한 돈가스맛ㅎㅎ "
,4,2025.02.14.,튀김옷이 먹어본 것 중 가장 바삭함 먹다가 입천장 까질 정도.. 완전 가성비 👍👍  
,5,2025.02.14.,
,4,2025.02.14.,줄이 긴 거 빼고는 맛있게 먹었어요
,4,2025.02.12.,크게 다른건 없는데 빠삭하긴 해요 치즈 굿 
,5,2025.02.05.,치즈가 정말 맛있습니다. 
,4,2025.02.03.,치즈돈가스를 못먹어봐서 몇년뒤에 다시 가볼의향은있으나 줄서서 먹을정도의 맛은아니에요. 다른곳에 비해 약10%정도 맛이 더 있는편이고 등심이나 안심이나 입천장 다까지는건 있습니다. 
,3,2025.02.02.,그냥 돈까스 입니다. 막 엄청 맛있는건 아니예요. 어디에서나 먹을수 있는 맛입니다. 몇시간씩 기다려서 먹을 필요까진 없을듯해요. 저희도 유명하다해서 갔는데 오히려 저희 동네 등심돈까스가 더 맛있었어요. 카레는 정말 별로 였어요. 맛있으면 맛있다고 리뷰 꼭 다는데 진짜 그냥 돈까스맛이예요 ㅎㅎㅎ 가격은 저렴하긴해요. 근데 다 셀프입니다. 자리 굉장히 좁고 약간 휴게소 식당같은 느낌이예요. 시간 나시면 가성비로 한번 드셔보시는걸 추천.  
,5,2025.01.24.,"8시부터 대기해서 9시50분쯤 웨이팅걸고 22번 받고 12시쯤 다시가서 12시40분쯤 입장했습니다. 우르르 몰려들어가지않고 약 5팀정도씩 10분간격으로 들어가더라구요 제가 들어갈땐 먹고 나오시는분들도 있었고 식당내에서 반정도씩만 채워서 셀프로 돈까스를 가져오는 방식이라 회전률은 좋았습니다. 혼자가서 치돈, 안돈 두가지 시키고 먹어봤을때 상위티어인건 확실했고 특히 튀김옷이 정말 바삭한데 기름지지않았고 안심돈까스는 안심이 두툼하고 튀김옷은 적당해서 좋았습니다. 치즈카츠도 따로 가면서 먹어봤는데 치즈자체를 치즈돈까스랑 같은걸쓰고 튀김옷도 같기에 치즈돈까스에 내용물만 추가한것같이 느껴지면서도 풍부한 재료에 만족하면서 먹었습니다.  "
,5,2025.01.23.,제가 먹어본 최고의 돈까스 입니다. 육즙 향 모든게 완벽해요.  
,1,2025.01.20.,"1월 20일 아침 8시쯤 도착해서 대기번호 50번대 받았습니다.

오늘 더본측 전기공사가 있어 오후 2-3시 잠시 영업 중단한다고 붙어있더라구요. 그런가보다 했습니다.

그래서 예상 입장시간인 1시쯤 도착하여 40분간 기다렸는데, 앞에 팀 들어간 이후로 자리가 남아있음에도 10여분간 부르지 않더라구요.

몇몇 대기팀들이 안에 들어가 물어보았고, 사전에 고지했듯이 공사로 주방이 마감됬다고 오후 3시 이후에 다시 방문하라고 합니다.
(이때가 약 1시 40분이었습니다.)

네 전기 공사 할 수 있습니다. 해야지요. 그럼 오후 1시쯤에 몇번까지 입장가능하다고 공지는 해야되는거 아닙니까??

손님들 발 동동구르다가 참지 못해 물어봐야 안내해주는게 말이 됩니까??

아침 일찍부터 대기번호 받고 기다렸는데,
연돈측의 정말 이해할 수 없는 대처로
여행 반나절 이상을 날렸습니다.

이런 기분으로 3시에 방문해서 먹으면 무슨 의미가 있을까요??

연돈측은 공사시간(2-3시)이 아닌 1시 30분(주방마감)에서 3시까지 영업 중단한다고 고지했어야 합니다.

제가 사장이었으면 테이블 숫자 딱 정해놓고 받았을겁니다. "
,4,2025.01.20.,"유명해지고 커지고 하다보니 이런저런 말이 많은데 맛있었어요. 다만 많은 분들이 얘기하는 것처럼 2시간 이상 줄서서 먹을만한 대단한 맛은 아니예요. 

하지만 여기 자체가 관광지 느낌이 있어서 제주에 오면 들를만한 집이예요. 여기 오려고 더본 호텔 숙박했는데 겸사겸사 호텔과 이 가게가 상생하게 되는 것 같네요. 

치돈 먹으려고 아침부터 추위에 2시간 줄서서 애썼지만 맛있게 먹었고 좋은 기억 가지고 갑니다.

번창하셔요 "
,5,2025.01.18.,"솔직히 돈까스 맛집 맞음 맛있어요
근데 웨이팅이 사악하긴해요

치즈는 드시려면 7시부터 줄 선다고 합니다
근처에 오신다면 한번 먹어볼 만하다고 생각합니다 "
,4,2025.01.16.,줄서서 치즈가스 먹을만합니다~ 다른돈가스도 겉바속촉이구요 개인적인 생각은 저는 맛있었네요 
,3,2025.01.11.,"튀김옷은 바삭한게 아니고 딱딱합니다.
직원들은 대체적으로 친절하지않았고
돈가스가 맛있는게아니고 고기만 맛있습니다.
등심고기는 아무맛도안났고 안심고기가 맛있었어요
고기는 어딜가도 맛있는데...
주차 편한거 말고는 없습니다.
웨이팅하고 시간다날리고 하루 손해봄 "
,4,2025.01.05.,"치즈카츠보다 그냥 카츠가 더 맛있었어요
여름 주말에 방문했을땨 7시 30분 정도부터 오픈런 했더니 9번이었습니다!

치즈카츠 안 드실거면 굳이 오픈런 안 하셔도 될 것 같아요! "
,5,2025.01.04.,"제일 유명한 치즈가스(15000)는 오픈런하지않아 품절이라 먹을수없었고, 
등심가스(11000)와 안심가스(12000) 먹었는데 둘다 맛있었어요.
웨이팅이 별로 없다면 재방문의사 있지만,
예약번호를 받기위해 매장에방문하고, 긴대기시간을 떼우기위해 다른곳에 갔다가 다시 연돈에 가야한다면,
돈더주고 다른곳에서 식사하는게 더 가성비좋을듯하네요. "
,1,2025.01.03.,"많이들 가시길래 처음으로 오전 9시에 웨이팅을 걸었습니다.
치즈카츠는 8시에 오셔야 드실 수 있습니다.
근데 왜 몇시간 웨이팅해서 드시는지 모르겠습니다.
그정도 기대값 가지고 오진 마세요
그냥 동네 맛집 가세요. 제주 맛집 많습니다...
그냥 바삭한 돈카츠입니다.
그 이상도 이하도 아닙니다. "
,4,2025.01.02.,"캐치 테이블로 방문 며칠 전부터 내가 도착할 시간 waiting 현황 지켜보면서 나도 식사할 수 있겠다 싶었는데 하필 내가 갔던 날은 마감이었다
하지만 캐치 테이블로 미리 뚜열치 예약해놔서 그거랑 키오스크에서 이것저것 포장해 와서 숙소에서 먹었다
정말 맛있었다
사람이 정말 많았다 "
,4,2025.01.02.,"웨이팅이 꽤 길어서 빡빡한 일정에 넣는건 비추천입니다. 
다른 분들이 말씀하시듯 동네 맛집에서도 충분히 먹을 수 있는 맛이지만 어쨌든 맛집은 맛집이라고 생각합니다. 
안심과 등심중엔 개인적으론 등심을 추천합니다! "
,1,2024.12.31.,"주문하면 거의 바로 나옴...이건 뭐 휴게소 보다도 못한 맛.
카레는 향신료향이 강하기 때문에 호불호가 있음.
사장님는 돈까스 노신경 볼카츠만 하시나 봄...

09시에 가서 웨이팅 70번이었음. 

제주도 3박4일 일정 중 최악의 맛 선정. "
,4,2024.12.31.,"맛은 서울 최고 돈가스 집들과 비슷
단! 제주도 가격 서울 가격에 2/3임 
가성비가 미쳐버림 
먹을 수 있으면 꼭 먹어야 하고  치즈가스는 필수임 "
,1,2024.12.27.,"요약 > 미리 튀겨놓은 식은 돈까스를 누가 웨이팅하고 돈 주고 사먹을까요



웨이팅 한 시간이 너무 아까워서 남기는 후기입니다.
(다른분들은 시간 낭비 하지 마시라고)

목요일 9시30분 도착해 109번받고 3시 식사했습니다.
들어갔을때 빈 자리가 굉장히 많았구요. (이 부분에 대해서도 말이 많은데 공감합니다. 웨이팅을 이용해 계속 맛집이라는 마케팅을 하고싶으신거 같은데 그럼 맛이라도 보장을 해주시는게 낫지않을까요?)

입장 알림을 받고 10팀 정도가 한번에 같이 들어갑니다.

그리고 안심, 등심, 카레, 치즈볼카츠를 시켰는데
미리 튀겨놓아서 다 식은 바삭한 돈까스가 나왔습니다.
이런 식은 돈까스 먹으려고 추운 아침부터 기다렸나 싶었습니다. 고기의 질도... (식은 돈까스의 고기맛은 아시겠죠?)
다른 리뷰처럼 ”굳이?“가 맞습니다. 
“대체가능” 이라는 단어가 아니라 “더 나은“곳이 서울에 널렸습니다.

카레도 조그만 그릇에 5,000원이면 많이 비싸네요.

주문부터 픽업, 반납, 수저그릇, 물 모든것이 셀프서비스였습니다. (기다린 보람 있으면 이해 가능하지만)

처음부터 이런 맛은 아니였을거라고 생각합니다.
많이 변하신거같네요.
치즈돈까스 안먹어봤지만 딱 봐도 무슨맛인지 짐작가구요. 사장님이 손 놓으신건지 백종원님도 오시면 재평가하실거예요. 장담함.

제주도까지 와서 굳이 이거 드시지마시고 더 맛있는거 드세요. 근처 맛집 추천해드릴게요.  "
,5,2024.12.27.,
,1,2024.12.26.,들어가자마자 카레때문인가 암내나서 우선 입맛떨어짐.. 첫입부터 치즈가 딱딱함..ㅠㅠ 너무 예전에 먹어봐서 그 맛이 기억나지 않지만 그래도 맛있었었는데.. 기다리고 말고를 떠나서 이제 그냥 동네 돈가스집보다 못해요.. 돈가스는 워낙 상향평준화되서.. 그냥 동네 맛집에서 드세요 
,1,2024.12.25.,"연돈은 초심을 잃어버린거 같습니다
8시30분 웨이팅시작하여 60번대 대기표받아서13시30분 식사 
치즈까스는 재료소진으로 못먹었지만 
돈까스는 튀김옷이 바삭한게 아니라 며칠튀긴것같은 딱딱함에 실망그자체 였습니다
굳이 웨이팅하며 제주까지와서 이가격에 이런음식을 먹는다는게 화나요~
너무 장사가 잘돼서 초심을 잃은거 같아요~

  "
,2,2024.12.22.,먹는 중에 상닦으시는 건 좀... 돈까스 바삭하고 맛있었는데 너무 급히 먹게 되어서 좋은 경험은 아니었습니다. 매장 내에 벌레가 있어 자꾸 앉으려 해서 쫓으면서 먹었어요.  
,4,2024.12.21.,"9시반쯤 웨이팅 시작
78번받음
13시 40분쯤 식사 가능
역시 자타공인 돈까스 1티어다
씹다보면 정성이 느껴질정도의 돈까스 퀄리티
여기 돈까스는 소금과 먹어야한다
소스와 카레가 별로이기때문이다
케첩,우스터소스 치덕치덕한 특별할거없는 소스이다 "
,3,2024.12.18.,그냥 평범 웨이팅은 글쎄.? 
,3,2025.12.17.,돈가스가 너무 딱딱해요 
,3,2024.12.15.,
,1,2024.12.14.,"추운 바람에 바깥에서 기다린 시간을 보상받지 못할 맛. 
비추. 요새 돈가스 맛 상향평준화로 인해 굳이..? 
게다가 전부 셀프. 트레이 가져오고 갖다주고.... 
우리 동네가 더 맛있다.  "
,3,2024.12.11.,"8시반 웨이팅시작 9시 50분 테이블링 등록 12시 40분쯤 입장 
직원분들 모두 친절하고 좋으나 음식 모두 미적지근하고 굳이? 이 추위에?  "
,3,2024.12.10.,솔직히 그저그랬습니다.
,5,2024.12.10.,"화요일 아침 8:30분 정도 도착후 10시부터 캐치테이블 대기등록 가능해서 31번 받았습니다. 12시에서 1시 사이 입장이라고 해서 12시5분쯤 와서 주차장에서 계속 기다리는데 4팀 대기중이라고 할 때 매장 앞에서 대기해달라는 메세지가 와서 들어와서 대기중인데 곧바로 31번 있냐고 해서 입장 후 등심/치즈/제콜 시켰습니다. 등심은 명성대로 바삭한 튀김옷이 굉장히 매력적이었고 치즈까스는 특유의 비린내가 나지 않았습니다. 깍두기와 단무지, 장국이 나오지만 돈까스에서 잡내가 하나도 나지 않고, 깔끔한 맛이라 샐러드만으로도 충분히 조화로운 식사가 가능했습니다. 기름에 튀긴 음식치고 먹고서 더부룩하거나 부대끼는 기분이 나지 않고, 무엇보다 같이 시킨 제로콜라는 잊을 만큼 집중해서 먹을 수 있었습니다. 소스도 맛이 좋으나, 개인적으로 겨자소스와 핑크솔트 조합이 가장 좋았습니다. 대기까지 해서 먹을맛이냐는 질문에 보통 아니라고 생각하지만, 깔끔한 본연의 맛에 집중한 돈까스라면 한번쯤 도전해볼만 할 것 같습니다.  "
,5,2024.12.09.,
,5,2024.12.07.,하루일정 시작은 연돈 웨이팅으로~
,1,2024.12.05.,
,4,2024.12.05.,오후 1시쯤 대기등록 오후 4시에 들어가서 등심이랑 안심 시켜먹었습니다 솔직히 3시간 기다릴정도로 특별한건 없긴하지만 그래도 맛있게 잘 먹었습니다 :) 
,5,2024.12.01.,
,5,2024.11.30.,
,1,2024.11.28.,"평일 아침 8시에 줄서서 12시30분쯤 들어감
총 합 웨이팅 4시간30분....
돈가스는 진짜 잘튀겨 졌어요 
근데 고기에서 냄새가 납니다. 
처음 방문한거라 이날만 그런건지 모르겠어요
안심 등심 치즈 전부 시켜 먹어봤는데 전부 냄새나요
음식과 번외로 남자화장실이 계단으로 내려가야 있더라구요 근데 밑에서 돼지 냄새가... 정육점 냄새가...
먹고 토할뻔 했습니다. 실망했어요.
다신안갑니다.  "
,4,2024.11.23.,"기다리지않고 먹었다면 별점5점은 주었을겁니다
너무 기대를 해서그랬던건지, 아니면 제가 너무 경양식 돈까스를 좋아해서인지 모르겠지만 맛이 살짝 아쉬웠습니다. 안에가 퍽퍽한거없이 고기가 정말 부드럽고 잡내도 없는게 일반적인 돈까스맛은 아니였습니다. 훌륭했습니다. 하지만 후반부로 갈수록 양이 투머치했는지 조금 느끼했습니다. 사람이 많아서인지 조금 정신없는 분위기에서 먹어야함을 감안하셔야하고 웨이팅이야 아침일찍 나오신다해도 대기번호는 10시부터 시작이니 감안하고 나오셔야합니다. 한번쯤은 이렇게 기다려서 먹어볼만한 맛집인건 분명한데 만약 한여름이거나 한겨울이였다면 포기하고 다른 맛집들 많으니 다른데 갔을겁니다. "
,4,2024.11.20.,"돈까스보단
그돈으로 볼카츠 4개 먹을래요
그만큼 볼카츠가 맛있음
양배추 맛있어요~! "
,5,2024.11.19.,"드디어 보았다!!
마음 같아서는 악수라도 하고 싶었다 ㅜㅜ 우엉
보통 등심은 질겨서 안심 먹는데 여기는 등심으로도 충분히 부드럽고 고기 자체가 너무 맛있더라.. 감동❣️
소금이랑 먹다가 소스랑 먹으니 소스도 맛있어서
카레를 많이 남겼다 ㅋㅋㅋ
처음으로 양배추샐러드 많이 안먹게됨.안느끼해 싱기~~
진짜 넘 잘먹고왔다.

의문은 직원이 참많던데
밥을 가지러가고 갖다줘야하고 음
직원이라도 덜 많고 바쁜모습을 보면 이해갈듯 했다.

앞으로 유지하고 익숙함을 잘 보내시길 바랍니다 🙏❣️ "
,1,2024.11.19.,무슨 휴게소 식당도 아니고 음식을 받으러 가고 다 먹고 나면 식판 반납하고 너무나도 성의가 없네요 음료수 또한 셀프로 가져다 먹어야 하고 이게 유명 식당인가 싶네요 다시는 가고 싶지 않은 식당입니다 웨이팅은 뭐가 그리 긴지 자리가 있는데도 시간 되어야 들여보네고 너무 오래걸리네요 
,4,2024.11.18.,"또 올것이다.
나는 완뽕, 아니 완돈했다. "
,5,2024.11.16.,"치즈까스 판매 물량좀 늘려주세요!!!
점심시간에 갔는데도 못먹었네요 ㅠㅠ "
,1,2024.11.14.,"등심돈까스 튀김옷이 너무 딱딱해서 입에 넣을 때 마다 입천장이 아픔.

돈까스가 너무 건조해서 밥이랑 먹기에 안어울렸고 밥도 지은지 오래돼서 누렇고 수분감도 없었습니다.

개인적으로 백돈과 비교했을때 흑돼지의 비교우위는 지방의 맛에 있다고 생각하는데 지방 없는 살코기만으로 돈까스를 만드실거면 왜 흑돼지를 쓰시는지 이해가 안갑니다.

호평 자자하던 카레는 토마토 페이스트 맛이 너무 도드라져서 카레와 하이라이스의 그 중간 어딘가의 느낌이라 아쉬웠고 카레에서도 양파맛이 많이 났는데 샐러드에도 생양파가 섞여있어 질리는 느낌도 들었어요.

총평 하자면 웨이팅이 없더라도 재방문 의사가 없을 수준의 맛입니다.

 "
,1,2024.11.11.,"일단 음식이 너무짜고, 음식 받으러 가야되고 직접 반납해야 하고, 밥은 상당히 말라있음. 방송에서 생겼던 환상이 무참히 깨짐. 손님대접 못받고 이게 뭔가 싶네. 재방문 절대 안할거임 "
,2,2024.11.11.,웨이팅 싫어서 저녁시간에 방문하여 26분 기다리고 입장. 안심 먹었는데 첫맛 맛있지만 먹다보니 조금 느끼함. 맛있긴한데 웨이팅 해야하나는 의문. 유명세때문이겠죠. 안심먹어보고 다음날 치돈 시도할지 정할라 했는데 마음 접었어요. 육지에도 충분히 맛있는 돈가스집 있다에 한표입니다. 
,2,2024.11.10.,"돈까스는 맛있음 돈까스라는 요리가 애초에 맛이 없으면 문제 있는거임 근데 연돈보다 맛있는 돈까스는 전국에 널리고 널렸음 돈까스 러버로써 여태먹은 돈까스중 연돈은 평균이하였음 이유로는 입천장 까질듯한 너무 딱딱한 튀김옷, 금방 나오던데 한번 튀기고 또 튀긴건지 너무 기름져서 물림, 고기맛이 엄청 뛰어난것도 아님 등등 확실한건 제주에 맛있는게 얼마나 많은데 굳이 아침에 예약하고 점심에 웨이팅하면서까지 먹을 맛은 아님 솔직히 웨이팅 없어도 안 갈 것 같음  백종원, 연돈 사장님 팬이었는데 솔직히 아쉬웠음 그래도 기념비적인 식당이긴 히니 궁금하면 가볼정도는 됨 카레도 맛있긴한데 엄청 맛있는건 아님 "
,2,2024.11.10.,잘모르겠어요
,5,2024.11.09.,드디어 먹어봤네요. 식감이 아주 부드럽고 맛있었습니다. 3시간 정도 기다렸는데 개인적으로 3시간이나 기다려서 먹을 정도는... 그래도 한 번쯤은 기다려서 먹을만 한 곳입니다. 
,3,2024.11.08.,나쁘지 않지만 그정도는 아님. 왜냐면 맛있는 일식 돈까스가 많아졌음. 5-10년전에는 먹힐만. 스프라던지 옛날 감성 더해보는건 어떨지요. 백종원 입맛에는 여전히 의문 ㅎㅎ 
,5,2024.11.07.,"안심, 등심 먹었습니다. 거친 입자의 빵가루가 엄청 바삭하고 느끼하지 않고 고기도 두툼합니다. 안심과 등심 맛 차이는 크지 않은데 등심이 조금 더 두툼합니다. 기름 냄새가 안나는 점도 좋았어요. 샐러드 소스에 새콤이 조금 추가되면 좋았겠다고 생각했습니다.
먹었던 돈카츠 중에 최고였습니다. "
,5,2024.11.06.,"제주 서귀포시

확실히 볼카츠가 본점이랑 체인점이랑 차이가 있는게 체인점들은 기름이 많고 느끼하고 돼지 잡내가 났는데 여기는 신기하게 담백함.
돈까스는 괜찮은거 같고, 카레가 진짜 맛있어서 더 시켜먹을 정도. "
,1,2024.11.06.,어디서나 먹을 수 있는 흔하디 흔한 백종원이 만든 신기루 돈까스 연돈 돈까스하고 일본의 프랜차이즈 카츠야 비교해 보세요 
,5,2024.11.05.,
,4,2024.11.05.,"평일 화요일 4시쯤 도착.. 대기 55명..
다행히 대기의자에 있었더니 혼자라고 2인석에 꽂아줌..
등심끼스 시킴

큰기대안했고 그 정도만큼의 맛..
맛있어요.. 근데 그 정도는 다른데도 다 함.. 고기는 두툼해서 좋지만.. 겉바속촉은 맞지만 놀라울정도는 아니고.. 그냥 맛있는집..

다행히 30분 안기다리고 들어갔으니 실망도 덜 한 느낌..

맛의 평가는 매우 주관적이니 확인하실 분은 확인하시길..
 "
,5,2024.11.05.,분명히 맛있음
,2,2024.10.31.,
,4,2024.10.29.,"정말 잘 튀긴 돈까스가 이런거구나 싶은 맛
고기 잡내 없고 치즈카츠가 맛나요
등심은 너무 익어서 퍽퍽하고 좀 아쉬워요 "
,5,2024.10.28.,"일요일 아침 9시 도착. 9시 45분 티켓팅 시작.
대기 43번 받고 1시에 들어가서 먹었습니다.
튀김 진짜 잘튀겼다.
고기 진짜 맛있다.
가격대비 맛 충분하다 생각 들고
맛있게 먹고 나왔습니다. "
,5,2024.10.28.,
,4,2024.10.22.,"제주도 여행간김에 명성이 자자한 연돈을 방문하였습니다 일요일 아침 7시45분쯤 도착했으나 10시에 웨이팅 순번을 받으니 17번이었습니다
12시에 가게앞에서 순번대로 들어가서 치즈,안심,등심을 시켰습니다 확실히 튀김옷이 남다르게 맛있습니다👍👍 하지만 치즈는 제입엔 조금 느끼하더군요 카레도 맛있었지만 5천원인데 양이 좀 작은느낌이더군요
2시간 웨이팅후 10시에 등록, 12시에 돈까스를 먹는건 한번으로 족하다고 생각합 "
,2,2024.10.19.,"살다살다 먹어보지도않고 리뷰를 남기게 된다
문앞에 잠깡 들어갔었는데
돼지냄새가
정육점을 넘어 너무 불쾌한냄새가 난다
 "
,3,2024.10.17.,"정확히 말하자면 맛보단 가성비
맛이 나쁘지는 않지만 이정도면 동네에서 1티어하는 곳에서도 충분히 먹겠는걸(물론 더 비싸겠지만)
가격이 메리트지 맛으로 따지면 서울 카츠바이콘반이나 정돈이 훨씬 맛있다.  "
,5,2024.10.14.,"가성비 좋음, 한번쯤 먹어 볼 맛, 기다려서 먹기엔 아쉬움. 돈카츠샌드가 맛있었음. "
,4,2024.10.13.,"⭐️고기 질도 좋고 바삭해요. 
⭐️느끼한 건 못먹는 분은 엄청 느끼하다고 느낄것 같습니다.
⭐️볼카츠는 멘치카츠 느낌 좋아하시면 좋아할맛이에요.
⭐️카레는 꼭 드세요!
⭐️번호를 보면서 기다리는게 기한없는 기다림 같아서 힘들었어요 "
,5,2024.10.11.,"저녁에 가서 치즈돈까스는 못 먹었지만
등심은 진짜 바삭바삭하구 맛있었던 곳 ••• ❤️ 빵가루 직접 만들어서 쓰는 것 같은데 입안이 다 까질 정도로 바삭해서 맛있게 먹었어요 ㅎㅎㅎㅎ  "
,5,2024.10.10.,"웨이팅 8시전에갔는데 앞에 18팀있었습니다 
10시에 캐치테이블 현장예매만 가능하고 12시부터 입장시작인데 저는 19번째인데 12시40분에 들어갔습니다 사장님은 보이시지않았고 매니저같은 분이 티켓확인 후 원하는 자리에 앉으라고하셨습니다
키오스크주문 선결제 물셀프 음식도 직접가져갔다가 트레이에 반납하는 시스템입니다
안심돈까스하나,치즈돈까스하나,볼카츠하나,카레시켰는데 치즈돈까스는 바삭하고 치즈가 많이 들어있지만 짜지도않고 느끼하지도않고 부드러웠습니다 안심은 두툼하고 바싹해서 치즈먹으러갔다가 안심에 더 빠져버렸습니다(안심에 겨자올려서 소스찍으먹으면 킥입니다) 샐러드소스 참깨드레싱같은데 너무 맛있었습니다 
볼카츠는 고기육향이 진하고 양파가 씹혀서 맛있었습니다 카레도 찐한데 향신료향은 별로없어서 좋았습니다 저는 웨이팅을 평소에도 몇시간씩해서 괜찮았는데 점심시간에 먹으려면 2시간정도 생각해야됩니다 깔끔하고 느끼하지않은 돈까스여서 저는 맛있었습니다 "
,2,2024.10.09.,"공교롭게 녹번 살던 시절 등산하다 본 가게 유명해지더니 중문으로 이전 확장
나도 중문으로 이사오고 간만에 들렀으나 예전 가성비는 아니었음
놀러온 지인 부부가 줄 서서 먹어서 난 편했다만 시간 비용 생각하면 특히 시간 아까운 여행객이면 매우 별로
카레 레토르트랑 볼카츠 포장 먹는 건 추천
주차도 헬이었다 교통정리를 내가 함
웨이팅 없으면 추천할집
여유있음 걍 합정 프리미엄 돈카츠 급으로ㄱ
제주엔 흑돼지 돈카츠 잘 하는 곳ㄱㄱ "
,5,2024.10.06.,"힘들게 기다려서 먹어볼만한 돈가스, 카레도 맛있었어요.
개인적으로 등심돈가스,치즈돈가스 맛있었어요 "
,5,2024.10.24.,"최고의 돈까스집 
치즈 너무 고소하고 듬뿍들어있어 좋았고
등심 촉촉하지만 겉 빵가루는 너무 바삭해요

빵가루만 따로 계속 집어먹었네요 ㅋㅋㅋ 진짜 맛있어요  "
,3,2024.10.03.,"긴 웨이팅과 기대감은 업장의 책임이 아니니 차치하더라도, 특별하지 않은 맛.

오랜 시간의 웨이팅의 평범한 돈까스도 누군가에게 추억이 될 수 있기에 "
,1,2024.10.01.,"오랜 대기시간과 
그저 그런 맛과
이딴식으로 장사해도 올 놈은 온다는 서비스 "
,3,2024.10.01.,평범함
,3,2024.09.25.,"더본에 투숙한 길에 먹어보기로 했는데...
돈까스는 생각보다 평범했고
오히려 기대않았던 불카츠가 맛있었어요.
사람들이 뜨거운 퇴약볕에 몇시간씩 줄서서
먹을 정도는 아니지않나... "
,5,2024.09.25.,"돈까스를 먹었는데 한식을 먹은 듯한 깔끔한 맛, 카레도 꼭 먹어야 함. 다만 굳이 아쉽다면 그에 못 미치는 밑반찬(단무지, 깍두기)..;; "
,2,2024.09.25.,"등심, 안심, 치즈볼카츠 먹었습니다.
고속도로 휴게소 시스템이라 그런가 음식이 다 식어있어서 너무 별로였습니다.
바삭이 아니라 식어서 딱딱.... 고기는 퍽퍽.....

6팀 남았다고 매장앞에서 대기하라길래 갔더니, 
또 30분넘게 웨이팅.....
매장 들어갓더니 안에 반이상이 빈자리고 텅텅 비였네요??? (거짓말 1도 안치고 60%이상 빈테이블)

후기보니 튀기는 시간때문에 손님을 빨리 못받는다는데, 
음식은 주문하고 2~3분후에 나오며 차갑게 식어있더라구요? 
주문후 바로 튀겨주는건 절대 아닙니다. 
주방보니 미리해논거 담아주던데(레스팅 아님. 그냥 다 식은거임) 머그리 줄을 세우는지....이것도 전략인가했네요.

(추가 : 블로그 찾아보니, 내 앞번호가 없으면 다음 번호가 입장하는게 아니라 5분 기다리고 다음번호 입장하기 때문에 웨이팅이 길어지는 거라고 하네요..참고 하심 될듯...)

가격이 저렴하긴한데 주차비를 따로 내야한다면 가성비가 좋다고 볼수도 없네요. 
싸도 다신 안먹을 맛이지만....

유튜버+블로거들이 극찬 하길래 궁금해서 가봤는데, 역시 방송은 방방봐구나 또한번 느끼고 왔네요.
전에는 연돈 별로라고 하면 매니아?들이 득달같이 달려들어서 물어뜯겼는데, 요즘 보면 별로라고 하는 분들이 점점 많아 지는걸로봐서 문제가 있긴 있는거 같습니다.
그리고 친절은 기대하지 마세요. "
,4,2024.09.24.,"더본호텔 투숙객이면 한번 꼭 도전해보세요
체크인할때 연돈뷰 룸으로 꼭 말씀하시구요
새벽 6시에 알람맞추고 일어나서 창문열었더니
이미 5분 서계시더군요 ㅎㄷㄷㄷ 
전 6시 30분 대기하고 일행과 교대로 조식 조지고
씻고 해서 기다리기 딱히 힘들지는 않았습니다
9시 50분에 캐치테이블 열어주셔서 등록하고
14번 받고 12시 20분쯤 입장했습니다

전날 다이소 들르셔서 저렴한 캠핑의자 간이의자 꼭
사오세요 아니면 돗자리라도 꼭!
7시 이후에 도착하신다면 태양을 피할수 없으니
선크림 왕창 바르시고 큰 우산 양산 꼭 챙기세요

제일 중요한 맛! 맛은 있습니다 확실히 맛있어요
웨이팅해서 먹을수 있었던 치즈돈까스! 
치즈 퀄리티 뛰어납니다 치즈양도 흡족
등심돈까스 안심인줄 알았네요 고기 퀄리티 좋고
튀김 아주 바삭하게 잘 튀겼어요 흡족
가성비도 좋고 맛있었어요 카레도 진하고 맛있음
매장은 푸드코트같고 셀프고 좀 정신없었..

근데 이렇게까지 해서 고작 돈까스를 먹어야 하냐?
라고 물으신다면 한번쯤은 추천드립니다
일종의 돈까스 페스티벌같은 느낌이랄까요 ㅎㅎ
대기하는게 암튼 생각보다 재미있었음 ㅎㅎ
주변 분들과 스몰토크도 하고 ㅎㅎ

근데 12시 오픈이라고 11시쯤 막 뛰어 오셔서
대기 마감된거 보고 허탈하게 돌아가시는 분들
넘 안타깝던데 미리 캐치테이블 어플보고
대기마감 확인하고 오세요 

TMI: 더본호텔 체크아웃 11시지만 12시까지 1시간
연장은 무료입니다. 12시 식사면 완전 개꿀!! "
,3,2024.09.09.,"더본호텔묵고 오전7시반에 줄서서 9:50분에 번호표받고 23번으로 먹었어요. 12:40분쯤 들어갔고 등심, 안심, 치즈, 카레 먹었습니다. 음.. 제가 백종원선생님이 말하는 마름모꼴이 아닌지 튀김은 너무바삭해서 딱딱하기 바로 전이었고, 다른 메뉴도 딱히 맛잇다는 느낌은 못받았어요. 돈까스 1개분량은 그냥 남기고 왔습니다. 그래도 고기냄새는
안나고 깨끗해보이긴 합니다. 재방문은 안해요.  "
,2,2024.09.08.,"치돈 먹으려면 새벽부터 줄서서 대기 해야됨,, 솔직히 가성비가 너무 떨어짐ㅎㅎ 개인적으로 두번은 안갈듯ㅎㅎ "
,3,2024.09.07.,"웨이팅이 어마무시 합니다. 10시에 줄서서 표뽑았는데 4시에 먹었네요. 빵가루가 확실히 좋은게 느껴지나, 미리 튀겨놓은 것을 서빙하여서 그런지 음식이 뜨겁지는 않았고 고기의 수분감이 조금 부족한 느낌이었습니다. 가격을 생각하면 괜찮습니다만 웨이팅을 생각하면 조금 아쉬웠네요. "
,3,2024.09.06.,
,4,2024.09.06.,
,5,2024.09.03.,"고기잡내 하나도 안나고
입천장 까질만큼 바삭하고 고소한 튀김옷이 좋았고
 먹고 나서 느끼한 냄새 안 올라오는게 신기했어요

먹기 어려운만큼 기대감이 커서 맛있는 집 찾기 어려웠는데 
만족한 식사였어요
거기에 굉장한 가성비도 한몫 "
,1,2024.09.01.,들어갈때 불친절 나올때 불쾌....  음식은 쏘쏘 
,5,2024.09.01.,"첫날에는 저녁5시쯤가서 1시간대기등심.안심돈가스. 
둘째날에는 새벽6시30분에가서 대기1번받고 치즈까스. 오랜시간대기했지만 맛있게먹었네요 "
,3,2024.08.29.,"카레 조그먀한그릇에 5000원은 너무 과한거 아닌가
맛은 기대해서 그런지 평균 괜찮은 돈가스정도? "
,3,2024.08.28.,"평일에 방문하여 1시간 정도 대기하고 입장하였습니다. 입구에 전담 직원이 있었으나 입장하는 손님 안내만 하는 것이 아니라, 조리 완료된 음식 안내와 카레 밀키트 판매 등까지 함께 하고 있었습니다. 한참을 앞에 서서 두리번거리는 모습을 보고도 직원분의 안내가 없어서 직접 물어보니 입구에서 테이블 안내를 대략 해주었습니다. 안내해 준 직원분이 키 큰 남성분이셨는데 원래 그러신지 아니면 힘들고 지쳐서인지는 모르겠으나 표정도 좋지 않고 친절한 응대는 아니었습니다. 아무래도 일인다역을 하다보니 피곤할 것도 같았습니다. 그리고 다른 손님들 의견처럼 튀김옷이 너무 딱딱하였고 육즙은 별로 느껴지지 않았어요. 튀김 작업을 사장님이 아닌 제자분들이 해서 품질이 균일하지 않은 것 같다는 댓글도 보였는데 확실하진 않습니다. 그리고 카레는 5천 원이라고 하기엔 금액이 조금 과한 느낌이었습니다. 그리고 음료수는 음식 받는 곳 하단에 있었는데 미니 냉장고여서 그런지 음료수가 시원하단 느낌이 들지 않았어요. 얼음컵이라도 따로 주면 어떨까 싶었어요. 한 번쯤 호기심으로 먹어는 봐도 몇 시간씩 기다릴 필요는 있을까 하는 생각이 들었습니다. "
,4,2024.08.27.,대기가 매우 빡센편이나 좋은 가격에 맛있는 돈가스를 먹을 수 있어요 
,5,2024.08.23.,요즘 물가에 이 가격에 이 음식 절대 못먹음ㅋㅋ 
,3,2024.08.23.,
,5,2024.08.21.,"일요일(8.18) 낮 12시에 캐치테이블 입력하고 253번 받고 가까운 색달해수욕장에서 놀다가 돌아와 16시반쯤 식사했어요. 색다른 맛이라기보단 돈까스의 정석을 느낀 맛으로 겉 바삭 속촉 그 자체입니다 ㅠ 전 정말 맛있게 먹어서 정신없이 먹었네용 ㅎㅎ
급 추억이 떠올라 예전 골목식당 영상까지 찾아봤어요. 사장님 번창하세요!! "
,5,2024.08.19.,
,5,2024.08.16,가성비로는 전국최고
,4,2024.08.16.,"오전7시30분 , 줄 서도 25번  입니다.
 바삭하고 기름을 쫘악 빼서 느끼함없어요,등심,치즈  맛있게 잘먹었습니다 

#187센티멘트#영탁#돈가스 "
,2,2024.08.15.,음......... 
,3,2024.08.12.,맛은 있는데 마케팅에 비해선 그닥.. 
,1,2024.08.12.,
,4,2024.08.11.,맛이 전보다 안좋아진거 같습니다. (백종원이 다시 와야할거 같은 맛) 100인분 선착순이라 예약이 힘든데 제주도 올때마다 한번씩은 도전하는 곳입니다.볼카츠는 개인적으로 좀 맛이 별로인것 같네요. 
,1,2024.08.11.,"캐치테이블 접수를 현장에서 받는건 그럴수 있죠
근데 자리가 널널한데도 사람을 못들어오게 합니다
왜 자리가 10개가 넘게 남아있는데 대기자를 못들어가게 하는지 모르겠네요

그렇게 밖에서 기다리다가 들어가면? 키오스크가 반겨줍니다
물,앞접시,수저,픽업,반납 모두 다 셀프고 먹는 방법에 대한 팁같은건 1도 없습니다
돈까스야 팁이 필요없다고요?
저는 소금이 있는지도 몰랐다가 다 먹고야 알았어요
최소한의 손님을 위한 안내문도 없고 와이파이는 직원한테 물어봐야 알려주는 기가막힌 식당입니다

돈까스 장인이 제주흑돼지로 만든 돈까스를 11,000원 주고 먹으니 이정도는 감수해야된다? 
그정도를 감수할정도의 맛이 있는건지 잘 모르겠네요

돈까스는 수분 1도 없이 퍽퍽하고 소스는 전부 시판이고 심지어 카레도 레토르트 느낌인데 제 착각일까요?
사이드로 시킨 볼카츠는 한입 베어물자마자 휘발유같은 기름냄새가 올라와서 토할뻔했습니다

가성비를 노리는건 알겠지만 이게 맞나 싶을정도로 휴게소 밥먹는것 같으니
좋은 기분으로 여행오셨으면 기분 망치지 말고 더 좋은 식당들 많으니 거기로 가세요

나는 다시는 여기를 안갈겁니다 "
,1,2024.08.11.,솔직히 기대에 비해 너무 많이 실망했음
,1,2024.08.09.,안심이 너무 말라비틀어졌더라구요. 튀긴지도 오래됐고. 등심도 그냥저냥 전혀 특별하지 않았습니다. 카레는 먹을만했습니다. 
,3,2024.08.09.,"첫번째 가족나들이로 먹었을때는 그나마 괜찮다는 생각을 했는데 두번째는 별로라고 느끼곤 그날이 연돈과의 마지막이었다
나야 미각을 해치는 술,담배,커피를 멀리하는 사람이니 신뢰해도 된다
거기다 연돈볼카츠는 첫번 방문때 한번의 시식으로 끝!!! "
,5,2024.08.04.,
,1,2024.08.03.,"왜 유명한건지 모르겠네요.
다른집보다 특별히 맛있진 않아요.
직원들과 시스텀은 특별히 불친절합니다.
손님=고객 대접은 꿈도 못꾸는 시스템과 불친절함
그저 먹고 돈내고 가는 부속품같은?

치즈볼카츠는 탄듯한 색깔이고 양파와 치즈 고기가 어우러진 조금은 색다른 맛이지만 종일 웨이팅할만큼은 아니네요.
깍두기 맛은 아주 별로고
단무지  양배추는 당연히 특별할것없고요.

재방문 제로입니다. "
,1,2024.08.03.,"5시간 기다린거 돈까스 맛 기대도 안했습니다. 직원분들도 연습중이시라 들었고, 장사가 너무 잘되면 맛도 품질도 떨어지는거 알고 들어갔습니다. 그런데 들어가니 직원분들이 안내도 해주시지도 않고 인사도 하지않으시더군요. 두리번거리다 결국 저희가 먼저 여쭤보니까 아무데나 앉으라고만 말씀하셨습니다. 그리고 모든게 셀프입니다. 시키는것도 음식가져오는것도 다먹고 가져다놓는것도 물도 다 셀프입니다. 직원분들은 뒤에서 폰하고 계시던데 왜 계시는지 모르겠습니다… 안내도 제대로 안해주시는데 표정도 다 안좋으시고.. 그냥 시간날린거 같습니다. 연돈카레라도 사가려고했는데 사장님도 인사도 하지않으시고 볼카츠도 엄청 짜기만했습니다. 다들 치즈카츠는 맛있다고들 하시는데 저희는 안심 등심 그리고 카레를 먹었지만 비싸고 다 맛도 별로였고 돈까스는 너무 갈색으로 튀겨졌고 기름이 너무 가득들어있는 맛이어서 기대도 안했지만 기대이하였습니다. 퇴식구에도 보니 거의 모든분들이 남기셨더라구요 하지만 특히 직원분들 서비스가 제일 마음에 들지않았습니다. 맛만그렇다면 이렇게까지 쓰지는 않았겠지만 직원분들 심하게 일안하시고 일하기 싫어보이셨습니다. 다들 힘드신데 화이팅하시고 저는 다음엔 여행와서 연돈 기다리느라 6시간 날리는거보다 다른곳 돌아다니고 이곳저곳 로컬음식 드시는걸 추천드립니다. "
,3,2024.08.03.,"볼카츠 넘 짜요 간조절좀,,"
,5,2024.08.02.,"웨이팅 빡세지만 그 기다리던 시간이 이해되는 맛이다.
갔던날이 딱 사장님이 튀기시던 날이라 맛있었다. "
,2,2024.08.02.,평범함
,5,2024.08.02.,ㅋㅋㅋ휴가 기간에 지 못 먹었다고 1점 너가 생각해도 짜치지 않냐? 
,5,2024.08.01.,
,1,2024.07.31.,몇시간씩 기다려서 먹을 필요가 있나?
,1,2024.07.31.,"별점을 1점 밖에 줄수 밖에 없음
아무리 붐비는 식당을 가도 오후 1시에 매진이라고 하는 식당을 본적이 없음
이정도면 시스템 자체가 문제이고 뭔가 고집을 좀 꺽고 새로운 방식을 도입해야된다 생각 됨
접근성조차 공항 근처도 아니고 서귀포까지 차끌고와서 헛탕치는 기분이란… "
,5,2024.07.30.,처음 먹었던 그 순간을 아직도 잊지 못하고 있어요 
,2,2024.07.30.,동네 돈까스보다 못함.
,3,2024.07.28.,"기다리면서까지 가볼만한곳은 아님
방송에서 띄운 영향인듯 "
,5,2024.07.25.,"무릇 영웅이라 함은, ""낭중지추""라 하였다.
옥은 진흙속에서도 그 빛을 잃지 아니하고, 더욱 빛이나길 마련이다.
지금 제주에는 메스컴을 무기로 홍보에만 치중하며, 맛은 떨어지는 음식점들이 득세하니,
맛잘알 제주나그네들은 이를 경계하여, 쉬이 유명집을 가지 못한다.
형세가 이러하니, 본 갈량이가 이에 한탄하여
""나는 일찍이부터 백대인(백종원)을 존경하여, 관련된 식당을 가보고 싶으나, 한정된 뱃속으로 내 소중한 제주여행 중 더 민심을 헤아려 손이 닿지 않는 동네맛집에 가고 싶소.""라 하니,
같이 동행한 사람이 이에 공감하여 꾀주머니를 내니,
""그럼 볼카츠 드라이브스루 하자""라 하니, 갈량이가 무릎을 탁치며, 옳다구나 하였다.

볼카츠는 바로 갓 튀겨주며, 구성 또한 나쁘지 않는데, 개인적으로 치즈의 맛이 천상의 맛이라 생각한다.
좋은 치즈 특유의 쿰쿰한 냄새는 쭉쭉 늘어나 마치
10만 대군의 행진과 같다하니, 제주에 오면 꼭 한번 드셔보셔도 좋을 듯하다.
이 음식의 최고의 장점은 튀김에 있다. 튀김이 엄청 바삭바삭하나, 탄 맛이 전혀 없고 볼카츠 속 뜨거운 육향은 코의 주변을 아우른다.
또한 볼카츠의 크기는 태산과 같고, 속은 고기로 가득차있더이다.
음식의 맛이 이러하고 명성또한 드높으니 가게 주변으로 인산인해를 이루는건 당연지사. 
부디 ""항룡우회""하여, 지금의 빛을 잃지 아니하면 좋겠다는 바이다.

결론적으로 이 집은 볼카츠만 먹어서 돈까스 자체는 모르겠으나, 제주여행 중 드라이브스루로 볼카츠 한정, 이로운 집이다. "
,5,2024.07.25.,
,4,2024.07.24.,"11시쯤 예약하면 15시에서 16시사이에 식사가능
치즈돈까스는 50번대 이상은 못먹는다고 봐야함.
잘 만들어진 돈까스인데 소스는 진짜 아닌거 같음
소스 겁나게 짬, 차라리 카레에 찍어 먹는게 나을듯
가격대비 맛은 확실히 있는데 30분이상 웨이팅 
있으면 안기다리고 다른 음식점 갈꺼 같음 "
,5,2024.07.21.,기다린 보람이 있었던맛...
,4,2024.07.21.,"평일 저녁 대기 거의 없이 들어감
엄청 잘 만든 돈까스 맛이 나는데
결국 돈까쓰라 엄청 감동적인 맛의 요리는 아님
오 맛있넹 이정도인데 가격이 합리적이다
웨이팅 30분 이하면 갈 만함 "
,3,2024.07.19.,맛있게 먹었습니더
,5,2024.07.19.,치즈까스 못먹은거 아쉽다~~~~~ 
,5,2024.07.18.,"치즈까스
치즈가 고소하고 정말 맛있다
기름기가 많이 없어 담백함
치즈까스안에 고기가 많이 들어있고 
표면의 빵가루가 거칠지않아 식감이 좋고
먹어본 치즈까스 중에 최고로 맛있었다

안심까스
첫 입을 먹었을땐 흔히 아는 맛이라 생각했다
치즈까스를 먼저 먹었기에 느껴짐이 적었다 생각듬
기름기가 적음
빵가루가 거친 편이지만 기름기가 없어 먹으면 먹을 수록 육향이 올라와 맛있었다
거친 빵가루에비해 입안에서는 부드럽게 느껴짐 
빵돈까스를 먹는 느낌이다 
양파같이 까도까도 맛있는 안심돈까스다

카레
적당한 간이다
점도도 적당하고 고기가 진짜 많았다
그래서 판매용도 구입함 "
,5,2024.07.16.,역시 연돈입니다. 사장님이 볼카츠를 오픈 전부터 팔고 있던데 너무 피곤해 보이네요. 건강하세요 
,3,2024.07.15.,"한 번 먹어봤다는데 만족합니다. 등심, 안심 모두 담백하고 바삭한 돈까스였는데 딱 그만큼이었고, 제 입맛엔 찍어먹는 소스가 너무 별로였습니다. 카레는 괜찮았으나 가성비가 떨어진다 느껴졌고요. 
도시락을 엄청 만족하며 먹어서 기대했는데 아쉬운 식사였습니다.  "
,4,2024.07.14.,"입장 예상시간 기가 막히게 잘 맞았어요, 오후 2시 입장이라 치즈까스는 이미 품절이었습니다.

가격 대비 튀김 퀄리티가 정말 좋았으나 웨이팅 시간 등을 전반적으로 고려했을 때 한번 경험해봤으면 됐다 싶어요! "
,5,2024.07.13.,"다른밀 필요 없습니다 돈까스 끝판왕입니다!
 "
,3,2024.07.07.,"치즈돈까스는 맛있습니다
나머지 등심 안심은 메리트를 느끼지못했습니다
 "
,5,2024.07.06.,"치즈야 미안해.. 너무 늦게 가서 다 팔렸나봐
안심아... 배가 살짝 찬 상태에서 먹어서 그런지
바삭하고 끝이야... 안녕

다음엔 6시에가서 기다려볼께^^ "
,4,2024.07.01.,"깔끔한 돈까스 맛이에요
맛있긴 한데, 굳이... 아침부터 웨이팅 등록을 위한 웨이팅을 하고, 또 오픈시간 이후로 입장 기다려서 먹을 만큼인가? 라는 질문에는 답하기 어려울 것 같네요..  "
,2,2024.06.30.,"너무 기대가 컸나보네요
그냥 평범한 돈가스였어요
재방문은...한번이면 족할것 같네요 "
,3,2024.06.30.,"일찍 가서 테이블링 하고 시간 쓸 정도는 확실히 아님. 바삭한 평범한 돈까스고 치즈돈까스 좀 짠 편.
유명세가 있다보니 궁금한 맛에 갔는데 재방문 생각은 안 나요. 기다릴 시간에 남은 시간 여행에 알차게 쓰시길.. "
,2,2024.06.29.,"돈까를 좋아해 

기대를 하고 가서인지

생각보다...그냥 평범한 돈까스

줄 서서 먹을만한곳은...아닌 듯 "
,5,2024.06.25.,"와우~
12시대기등록
4시30분입장
12시대기시 200팀.  201번째입장
대기하다 지침 ㅠㅠ

어제는  5시쯤 왔다가 재료소진으로 영업마감

맛은?
튀김이 예술 엄청 바삭하다
입천장 다까짐
카레가 너무 진하고 맛있음
안심은 부드러운 대신  조금 퍽퍽
등심도 부드러윰
개인적으로 등심 강추

양은?
남자분들은 돈까스만으로는 조금 부족할듯
밥이 같이 나오니까  괜추

결론?
맛은 훌륭한 편이지만 대기가 너무 심함
대기 걸어놓고 다른곳 놀러갔다 시간 맞춰오면될듯
기대한만큼 만족^^ "
,5,2024.06.23.,진짜 개맛있음. 안먹으면 인생 후회함. 진짜 강추!!! 
,1,2024.06.22.,돈벌더니 맛가
,4,2024.06.17.,기다려서 먹을 맛은 아니구요. 웨이팅 등록하고 호텔에서 쉬다가 시간 맞춰 나와서 먹는 것을 추천합니다. 등심 안심으로 먹었고 고기가 퍽퍽해서 아쉬웠지만 튀김옷은 예술이네요. 소금에 찍어먹어도 맛있었어요. 
,5,2024.06.16.,"3월에 방문했는데 이제야 리뷰 적음.
오후12시에 가서 웨이팅 등록 후
정확히 4시간 기다리고 먹었는데 확실히 맛있긴 함. 빵가루 맛부터 정성이 느껴짐 "
,2,2024.06.15.,"공장 돈까스 수준으로 느껴졌습니다
가게를 키운것이 문제였을까요..?
너무 아쉬웠습니다 "
,1,2024.06.11.,"웨이팅이 길어서  포장 가능한지 전화했는데
여자분이 받더니 전화응대가 최악이였음 목소리가 너무 작아 안 들렸는데 뭐라는지 하나도 모르겠고, 포장 되나요? 한마디 했다가 언성 높히면서 “포장 안된다구요”이러는데ㅋㅋㅋㅋ나참ㅋㅋㅋㅋㅋ친절하게 응대 해주면 덧나시나? ㅋㅋㅋ안들려서 그랬겄만.. 장사 잘 되면 저래도 되는건가? 서비스가 진짜 개별로…기본적인 전화응대마져도 안되는데ㅋㅋㅋㅋ제주 여행와서 연돈 응대 때문에 내 기분이 망쳐졌네요 내시간 내돈 투자하면서 연돈가고싶지 않아졌음 너무 기분이 안좋아져서 원래 리뷰같은거 안쓰는데 다른분들도 피해보지 않았으면하는 마음에 적었네요~~ 기분이 진짜 너무 나쁜데  연돈 직원들이 꼭 봤으면 하네요^^ "
,1,2024.06.09.,"고속도로 휴게소 돈가스 맛이예요~
두번 다시 안갑니다. 
직원들도 불친절해요~ 셀프 입니다 "
,1,2024.06.09.,굳이 기다려서 먹어야하나?? 치즈카츠도 너무 조금만 팔아서 70번대여도 못먹음 ㅋㅋ 셀프라면서 손님 부려먹음. 시간 아깝다 
,3,2024.06.08.,"ㅈㅅ... 진짜.. 저희집앞 돈가스집이 더맛있음..
ㅈㅅㅈㅅ ㅠㅠ "
,4,2024.06.03.,"처음 먹을 땐 응..? 특별하지 않은데..? 했는데 여태껏 먹었던 돈까스와 다르게 차음부터 끝까지 바삭한 돈까스...
치즈 돈까스를 못 먹어서 아쉽긴 했지만 등심, 안심도 만족. 
다만 4시간 가까이 기다리기에는 시간이 좀 아깝다... "
,2,2024.06.02.,"일찍 가서 치즈 먹지 않을거라면 시간낭비
동네 돈가스집과 비슷한 맛과 수준입니다. "
,3,2024.05.26.,"일반적인 돈까스보다는 상위호환 
그러나 감탄을 자아내지는 못한다 "
,5,2024.05.24.,"저녁에 가니 웨이팅 적어서 조금 기다리다 들어갔습니다.
기다리는동안 치즈볼카츠 먹었는데 진짜 너무 맛있었어요!
치돈은 품절이라 못먹어 아쉬웠지만
안심 등심 전부 맛있게 먹었습니다 바삭바삭 겉바속촉 이었어요~ "
,3,2024.05.24.,
,5,2024.05.23.,
,4,2024.05.23.,기본적인 맛이다. 그래도 맛있다. 웨이팅은 굳이? 
,5,2024.05.23.,"싫음 안먹음 되는거지 왜 난리임 난 느끼하고,눅눅한 돈까스 싫어하는데 그래서 난 돈까스 안 먹는데 여기는 별로 안 느끼해서 좋음 거기다가 눅눅하지도 않음  "
,5,2024.05.22.,"백종원쌤 프로그램에서 연돈을 알게 된 지 벌써 5-6년 정도 된 것 같네요. 육지에 있을때 가보고싶었는데 웨이팅이 너무 길어서 가보진 않았고, 제주도에서도 한번 더 큰 매장으로 옮겼다고 들었습니다. 매장 규모가 예전에 비하면 훨씬 커져서 그만큼 맛이 기대에 못미치진 않을까하고 생각했는데, 웬걸.. 그런 생각을 한 제 자신이 한심합니다.
빵가루의 튀김옷이라고 하나요? 그 향과 맛이 며칠동안 계속 머릿속을 맴돌았습니다.
제주도를 다시 올 이유가 생겼습니다.
사진으로만 뵈었지만ㅎㅎ사장님 잘먹었습니다!🙏

#とんかつ
#ボールカツ
#チーズカツ "
,3,2024.05.21.,그냥 그래요.. 서비스도 별로 ㅠㅠ 고기 맛있는데 웨이팅 할 정도는 절대 아님 여행와서 오래 기다린게 아쉬움 
,3,2024.05.19.,"기본에 충실
너무 기대하지 않는다면 만족할듯
돈까스 상향평준화에 큰 기여함
웨이팅시스템은 일반인들이 좀 수월해짐 "
,5,2024.05.19.,맛있음 친절함 가운데 직원분 잘 컨트롤하심 카레맛있고 볼카츠맛있음 
,4,2024.05.15.,"연돈을 이제서야 먹어보네요.
캐치테이블 덕에 웨이팅이 힘들지는 않았으나
셀프 서비스와 자리세팅이 동기화 되지 않는 듯
한꺼번에 3팀~20팀 사라지거나
매장앞에서 대기하라고 해서 대기했더니 10분 넘게 기다리고
다른 유명 매장 웨이팅하고는 좀 달랐던 분위기?
치즈카츠 품절로 등심만 둘 주문했습니다. 
주문하고 물 가지러 갔다가 돌아오는 길에 ㅋㅋㅋㅋㅋ 받을 정도로 속도가 빨랐어요. 
그런데 맛이 너무 없어서 깜짝 놀랐지 뭡니까
당황해서 일행 껄 먹어봤는데
너무너무 맛있는거에요. 
동시에 나온 똑같은 등심인데 하늘과 땅차이… 그 복불복의 갭이 심했어요. 
일단 가성비가 너무 훌륭하고 직원분도 나름 친절하고
전체적으로 좋았으나, 
맛이 랜덤이라는 가능성이 있는 이상
또 방문하기는 어려울 것 같습니다.

(두번째 사진은 환기에 진심인 건물 배기관!) "
,5,2024.05.14.,
,5,2024.05.08.,"속도 짱빠름 웨이팅도 금방 빠지고 음식도 금방 나옴, 안심보다 등심이 더 맛있고 돈까스 소스랑 카레가 맛있음, 특별한 맛이라기보다 모든 맛이 적당하게 딱 맛있는 느낌 "
,4,2024.05.06.,난 카레가 좋고 돈까스가 그냥 그랬는데 일행들은 카레가 별로라네요. 배부르게 먹었습니다. 
,4,2024.05.05.,"등심돈까스에 카레 먹었어요 
돈까스 맛있네요 
시간 부자 분들 가세요  "
,3,2024.04.27.,"내부 자리넓고 웨이팅1분? 하고 바로 들어갔어요
돈까스는 식어서 전 그렇게까지 맛있는건 모르겠더라구요
만약 기다려서 먹었다면 진짜 ....♨️
치즈볼? 인가 저게 더 맛있었어요 ‼️ "
,5,2024.04.26.,치즈 돈까스는 되랴 좀 평범한 편인듯. 일반 돈까스 존맛 
,5,2024.04.25.,"돈까스 안즐겨먹는편인데 여기 진짜 맛있어요. 생일기념으로 갔는데 후회없는 맛. 평점 생각보다 낮아서 놀랬어요. 기대안했는데 제가 먹어본 돈까스중 제일 맛있어요. 그리고 가성비 미쳤어요. 사장님이랑 사진 찍고 싶었는데 부끄러워서 못찍었어요. 치즈돈까스 다 팔려서 치즈볼카츠랑 먹었는데 배터지는 줄 알았어요. 튀김가루맛도 다른 집이랑 다르고요, 소스도 직접만 드는것 같아요. 2시간 기다렸는데 기다린게 후회없는 맛입니다. 카레는 인도식 난 찍어먹는 맛나요 "
,5,2024.04.23.,"즐서 먹는 거 관심없는데 
이유를 알게 되었네요
정말 맛있습니다  "
,1,2024.04.17.,"연돈 제주점 오픈하고 셀 수 없이 방문했던 주민입니다.
아래 후기에서도 쉽게 찾을수 있었던 '손목 까딱'
저도 겪었습니다.

매장 이전 전까지 주로 매장 컨트롤 하시던
안경 낀 남자직원분 안계셨고,
이전 전 어느샌가부터 함께 홀 보시던
키 큰 남자분이셨구요.

입장순서라 매장 들어가 안내를 기다리니
그분께서 한손으로는 통화중이셨고,
눈이 마주치니 다른 손 손바닥을 펴시곤
아래위로 까딱까딱 핸드폰을 달라더라구요.
예전 SKT 광고에 설현 포즈로요ㅋ
고개만 돌려서 손목 위로 까딱까딱...

그 모습에 충격받고 후기를 들여다보니
연돈 사장님과 백종원 대표님이 안쓰러울 정도입니다.
홀컨트롤 하시는 직원분들 왜 이렇게 변하신거죠?
괜히 매장, TV나왔던 관계자분들,
맛집이라고 추천하고 다니는 동네주민들.
욕먹이지 마세요.

몇년을
주문한 음식 직접 가져다주시던게 셀프로 바뀐거.
매장 관계자, 직원들만 알지 누가 알아요.
충분한 설명과 안내도 없이 왜 손님들께 윽박인지..
후기보니 제가 본 오늘 연돈 모습이 사실인가 봅니다.
그동안 느껴왔던 연돈부심을
처음으로 음식이 아닌 직원분께 느꼈어요.
매장 나갈때 주고 받던 인사도 없었던건 처음이구요.

과연 사장님들 부모님이 오셔도,
백종원 대표님이 오셔도 손목으로 까딱 하실지,
음식 가지고 가라며 짜증 부리실지 궁금합니다. "
,3,2024.04.14.,"중문에 연돈 생기하고나서 가봐야지가봐야지 하다 이제야 가봤는데...기대가 너무 큰 탓이었을까요? 집근처 웨이팅 없이 아무때나 가서 먹을수 있다면 모를까 다시 갈일은 없을것 같아요. 여타 로컬 돈까스집들 보다 고기와 소스는 조금 더 맛있긴 했습니다.
치즈는 매진되어 못먹어봤네요. "
,3,2024.04.14.,연돈이 대체 어느정도길래? > 궁금하다면 아침일찍 웨이팅 걸어놓고 늦은 점심 먹으러 오는 건 추천하지만 너무 많은 기대는 비추합니다 카레 추가하세요~~ 
,3,2024.04.13.,"크크크치킨의 돈까스 버전.
그저 사진 찍으러 오는곳이 아닐까.. "
,4,2024.04.12.,
,4,2024.04.11.,매장이 청결했는데 묘하게 찌린내가 났어요... 돈까스는 딱 정석이었습니다 안심 좋아하는데 등심이 더 맛있었네요 맛은 평범 했는데 튀김이 대박이었어요! 얇은데 진짜 바삭바삭 해요 입천장 까지는 느낌이 있지만 그만큼 바삭하다는거니깐~ 
,1,2024.04.10.,다른 돈까스랑 크게 다르지도 않은데 제주까지 여행와서 이것 먹으려고 몇시간 기다린게 너무 아깝네요 
,4,2024.04.08.,"카레 치즈돈까스 등심돈까스 다 좋은데
입천장 다까짐. 가성비는 정말 좋지만 이거먹으려고 제주도까지 비행기타고오거나, 제주도에 살더라도 아침일찍부터 기다려야하는 수준은 절대로 아님
홍대 돈까스집들이 더 좋음 "
,5,2024.04.06.,"5시쯤 갔는데 웨이킹 없음
말해뭐해 가성비 갓 "
,3,2024.04.03.,정말 맛있었는데 몬가 아쉬운데 그게 뭔지 모르겠어요^^;; 
,3,2024.04.03.,또 와서 먹을것 같진 않네요.
,3,2024.03.31.,당연히 맛은 있어서 동네에서 편하게 먹었음 별5개지만 1시간 웨이팅하고 먹은지라 별3개... 시스템도 전부 셀프로 바뀌고 가격도 오르고 4년전 처음 먹을 때 그만큼의 감동도 이제 없네요.  
,5,2024.03.29.,카레 치즈돈까스 등심돈까스
,4,2024.03.28.,"여행중에 계획 없고 시간 많으면 웨이팅 걸어두고 근처에서 놀다가 10명전 알람뜨면 가기 좋아요
흑돼지 돈까스가 질기지 않고 부드럽네요
존맛!!!!!!! 은 아니지만 연돈만의 색깔이 있는 돈까스맛👍 "
,5,2024.03.28.,오후에 웨이팅 잠깐으로 맛보니 만족도가  높네요 치즈까스는 주문 불가라 아쉬웠지만 안심이 부드럽고 맛있었어요~^^ 
,5,2024.03.27.,등심돈까스
,1,2024.03.26.,"기대가 많이 컸던것 같네요. 4시간을 웨이팅 앱으로 기다려  식사를 하러 갔는데
일단 주차장부터 전쟁터라 사고 날것 같은 분위기였는데 본인들 주차장이면 주차 정리를 좀 해주셨으면 합니다. 직원들은 본인일만 하면 된다라는 느낌이 강했고 서비스 및 응대가 그닥 좋다는 느낌은 없었습니다. 무엇보다 티비에서 보던 포방터를 생각하고 정감있는 식당을 상상하셨다면 실망이 크실꺼에요.
맛은 튀김만 바싹하고 느낌하이 도가 넘어섰습니다. 약간의 기름 쩐내도 나고 기름이 다빠지지 않아서 텁텁함이 많이 느껴졌습니다. 무엇보다 맛집이라는 낭만이 없네요 그것도 제주도까지 와서 줄을 서서 먹을려고 시간을 투자했었는데 많이 아쉽습니다. 다신 안갈꺼에요 "
,1,2024.03.26.,"아침 열시 대기걸고 세시쯤가서 먹었는데 배달시켜먹는 돈가스가 더 맛있었어요...
고기는 연한 것 같은데 튀김은 좀 기름져서 느끼하고딱딱하네요
회전율은 빠른 것 같으나 돈가스 공장 느낌이고 응대하시는 직원분도 불친절하게 느껴져서 이걸 내가 웨이팅을 한참 기다렸다 먹은 것이 여행 중 가장 낭비되는 시간처럼 느껴졌습니다.
티비로보며 연돈 사장님 너무나 팬이고, 몇년을 너무나 먹어보고싶어서 오늘 갈 수 있었던게 엄청 기뻤는데 실망이 큽니다
두번은 안갈 것 같아요 ㅠㅠ  "
,4,2024.03.25.,"고기로 승부하는집 가격에 고기질은 최고인듯~~
모든게 셀프인네 직원분은 많지만 뭔지모르게 불친절한 듯~~ 한 번 먹어본걸루 만족~~ "
,5,2024.03.24.,맛있어요...정말 맛있는데 막 이 세상에 없던 맛 기대하심 안돼요. 정말 잘 튀겼고 고기의 질도 좋습니다. 누린 내도 나지 않고요. 튀김옷이 벗겨지지 않고 끝까지 바삭하게 잘 붙어 있어요. 카레는 굳이 먹지 않아도 될 것 같아요. 하지만 돈가스만큼은 정말 맛있습니다. 솔직히 이 가격에 이정도로 잘하는 돈까스집 별로 없어요. 너무 기대한 바가 큰 만큼 실망하는 사람도 있는 거 같지만 저는 아주 만족했습니다! 테이블링 걸어 두고 근처 카페에서 시간 보내다가 방문하면 좋아요! 
,1,2024.03.21.,"방송 나왔던 사장님은 안보였음.
튀김옷이 너무 딱딱. 등심 돈까스 먹다가 입천장 까짐.
서빙 셀프라 그런지 고속도로 휴게소? 돈까스 공장 느낌.
카레는 맛은 있으나 양이 너무 작았음. "
,2,2024.03.21.,"시간 넘쳐나는 분만 가세요
맛이요? 뒤돌아서면 잊어버릴 맛이니까 동네가세요 "
,2,2024.03.21.,"너무 기대가 컸던 탓일까요
기대한만큼 실망도 크나봅니다..
응대해주었던 직원분은 정말 나이스하십니다 "
,3,2024.03.20.,"기대가 크면 실망도 크다.
맛은 동네 돈가스 맛집 보다는 조금 떨어지고 이름 없는 돈가스보다는 맛있는 수준인 것 같다.
그나마 장점을 꼽자면 동네 돈가스 맛집 보다는 몇천원 가성비는 있는 수준입니다.
같이 갔던 사람들도 굳이 줄서서 먹을 정도는 아니라고 하네요.
방송의 영향력이 이렇게 크구나 하는걸 보여주는 식당입니다. "
,3,2024.03.17.,"가성비 - 약간좋음.

맛 - 흔한 돈까스집보단 조금 더 맛있는정도. 일본가서 먹은 돈까스가 더 맛있음

웨이팅 - 어마무시함.

결론 - 웨이팅 기다리면서까지 먹을 필요는 없음. 
 흑돼지 한번 더 드세요.  "
,3,2024.03.16.,테이블링으로 주문했을때는 연돈 카레(3000원)가 진짜 맛있어서 그 이후로 3번 방문했는데 오늘 간건 사장님이 아닌 직원이 카레를 만들고 카레(5000원)맛이 맛있지도 않았습니다. 
,3,2024.03.13.,"월요일 11시쯤 표 뽑아서 3시 좀 넘어서 먹었어요
동네 돈가스나 체인점 먹던 분들에겐 맛있을 거고
1.5~2.0하는 전문 돈가스에서 줄서서 드시던 분들에겐 실망하실수 있어요
일행 모두 한번이면 됐다 줄 안선다 해도 다시 와서 먹을 생각은 없다입니다. 
너무 공장화되어 튀김솥 위에 대량으로 튀겨두더군요 역시나 나온 돈가스는 미지근했습니다. 
그냥 유명한 연돈돈가스 한번 먹어봤다로 족합니다


 "
,5,2024.03.11.,"맛있어요 
이제 옛날처럼 하루전에 텐트치며 대기 안타고
한시간 반정도만 기다리면 앞번호받고 먹을 수 있어서 좋네요
8시 10분쯤 도착해 4번 번호 받고 먹었어요
추운 날씨라 그런지 9시 40분쯤 들어가서 웨이팅 번호받음
다들 굳이 웨이팅하며 왜먹냐 해도 이제 연돈은
관광지처럼 느껴져서 이번에 갔을때 잘 먹고 왔네요
번창하세요
단 깍두기는 그냥 빼셔도 될 듯 하네요ㅎㅎ "
,5,2024.03.10.,
,3,2024.03.09.,기대가 너무 컸나봅니다. 6시간 기다려 또 먹을지는 모르겠습니다.   
,5,2024.03.09.,등심돈까스 카레   
,1,2024.03.05.,"돈까스소스 문안한맛.. 
밥은 찐밥..
치즈까스는 솔드아웃으로 치즈볼카츠 사와서 같이 먹었는데.. 만든지 좀됐나봄;; 
깍두기 말라비틀ㅋ
친절? 그게뭐잉? "
,3,2024.02.29.,"배식과 퇴식 모두 셀프구요 너~무 유명하니까 한 번은 괜찮은데, 맛도 괜찮은데…하지만 두 번은 안 갈래요. 이 맛을 보려고 10시에 도착 웨이팅 예약 40분 기다리고, 오후 4시30분쯤 입장…문 앞에 공지된 대기시간과 얼추 비슷, 개인적으로는 이렇게까지 해서 먹고 싶은 맛은 아니었어요. "
,4,2024.02.28.,"맛도 있고 가격도 착한 가성비지만, 오전에 신청하고도 4시반에 식사할 수 있다면 대기 시간이 너무 길다. 카레도 양파맛이 느껴지지 않고 마늘맛이 조금 강했다. 조금 아쉬웠지만 가격이 모든걸 용서함. "
,4,2024.02.26.,"안심 등심 먹었어요 다른부위는 일반 하얀돈까스살이었는데 안심끝에 한점이 색이유달리진하고 스테이크 튀긴것마냥 맛있더라고요 다른부분은 보통 돈까스맛이었고요 평소 돈까스를 즐기진않아서;
담에 기회된다면 치즈까스먹어보고싶네요 "
,3,2024.02.20.,"안심 등심 카레 이렇게 시켰어요
안심은 굉장히 바삭했는데 등심은 밑에가 축축했어요
사장님 없이 직원분들이 만드시는 것 같은데 아무래도 그래서인지 기대했던만큼은 아니었네요
저녁때 방문하면 웨이팅이 길지않아서 먹을만한데 오전 일찍 줄서서 대기할만큼은 아닌것같아요 "
,5,2024.02.20.,등심돈까스 2개 안심까스 2개에 카레 추개해 시켜먹었구 진짜 맛있었습니다! 튀김옷이 너무 바삭하고 느끼하지 않아서 정말 괜찮았어요. 유명하지만 정말 맛있고 가격도 착해서 좋았어요. 다만 웨이팅을 6시간정도 해서 치즈카츠는 먹지 못했습니다ㅠ 치즈카츠 드시려면 8시 50분쯤에는 도착해야 100번 이내 순번을 뽑을 수 있나봅니다ㅠ 
,5,2024.02.20.,빵가루 오짐 개맛도리
,5,2024.02.18.,
,4,2024.02.17.,돈까스! 맛있음! 특히 등심!!빵가루가 예술임! 다만 밥알 느낌이나 양배추 드레싱 소스는 살짝 아쉬움! 그래도 맛있음! 번거로운 웨이팅 견딜만한 맛임 
,5,2024.02.11.,"등심돈까스 맛있습니다
각자 입맛이 다르겠지만
40 평생 먹어본 등심돈까스 중 으뜸입니다.
웨이팅 방법도 바뀌어서 충분히 시간 투자해서 먹을만 합니다.
비싼 제주 물가에서 이정도 한끼면
충분히 맛있게 즐긴것같아요 "
,2,2024.02.10.,등심하고 카레만 인정. 안심 다쪼그라든 이게 맛있다는사람은 도톰카츠 안심 안먹어본거임. 그리고 콜라캔에서 왜 이상한 페인트냄새가 진동하는거임? 컴플레인도 걸었는데 반영됐을지 모르겠네. 입구에서부터 나던 페인트? 화약약품 머리아픈 냄새가 코카콜라 오리지널이랑 제로캔 둘다에서 화학약품 냄새가 진동함.. 하루종일 머리아프고 헛구역질했음 맘같아선 콜라값이라도 환불하달라하고 싶었음 
,1,2024.02.08.,"5시간 웨이팅했는데 
1. 직접 픽업해야하는 서비스.. 매장이 이렇게 큰데 서빙 안 해주는 돈가스 집 어디있나요
2. 가지러 갔더니 쟁반에 장국 쏟아져있어서 직접 닦아야 함
3. 등심가스에서 고기 누린내가 남. 본인 돈가스 먹으면서 한번도 누린내 맡아본 적 없음
4. 카레 5000원 추가해서 시켰는데 아무런 특별한 맛도 없음
5. 돈가스 다 식어서 나와서 튀김옷도 딱딱함

특출난 점이 한개도 없네요..
관광 와서 절대 드시지 마시고 옆에 숙성도 가세요. "
,2,2024.02.07.,워낙 유명해서 한번 와봤고 다행히 슈퍼비수기+마감시간 직전 찬스 이용하여 대기없이 입장했습니다. 연돈은 사장님 자체가 브랜드이기 때문에 연돈 사장님이 없는 연돈이 무슨 의미가 있을까 생각하게 되었습니다. 백종원의 장사철학이 느껴지는 메뉴/직원 구성+시스템들이 인상적이었습니다. 
,1,2024.01.31.,12:13 갔는데 점심 마감이더라구요 ㅎㅎ 대신 옆에 카츠샌드 가능해서 사왔습니다. 나쁘진 않았는데 줄을 보고 너무 기대를 했나 좀 느끼했고 그냥저냥 이었어요. 돈까스는 이거랑 다르게 맛있겠죠..?? 담에 한번 더 도전해보려구요 ㅎㅎ 
,3,2024.01.29.,"기대가 너무 컸었는지 다소 아쉬웠어요🥲

일요일 오전 8시 40분쯤 대기 시작했는데 대기번호 60번대였습니다!

사실 맛집이니 웨이팅하는 것도, 셀프서비스도 엄청 불편하지는 않았습니다만 맛이 아쉬웠어요..ㅠㅋㅋㅋ

기대했던 치즈돈까스는 쭉 늘어나는 모양새였는데 1도 안늘어나더라구요..?ㅋㅋㅋㅋㅋ 옆 테이블 분들 거는 엄청 늘어났는데 저희거는 처음 나왔을 때부터 안늘어났습니다 ㅠ
치즈 돈까스가 한정이라고 해서 이른 아침에 가서 줄 선건데 앞쪽 번호는 대부분 치즈돈까스를 시키니까 미리 튀겨놓으신건가 하는 생각이 들었어요.. 
대신 등심돈까스는 맛있었어요! 마지막까지도 눅눅하지 않고 완전 바삭하더라구요ㅋㅋㅋㅋ 

한번쯤 맛 본 걸로 충분합니다..재방문은 안하려구요 ㅠ "
,1,2024.01.28.,"📌주문 음식 : 안심/등심돈까스, 카레, 음료

📌장점 : 바삭하고 담백한 튀김옷, 부드러운 고기

📌단점(느낀점)

맛은 위의 장점 외에는 다소 평범하다고 느꼈고,
카레도 기대를 많이 했는데.. 평범했습니다.
맛 자체는 맛있는 편이에요! 바삭바삭하고
돈까스라는 메뉴 특성상 크게 맛에서
차별화를 두기는 어렵지 않을까 싶습니다.

하지만,
오랜 시간 기다려서 방문을 했는데
결론은 두번은 찾지 않을 맛과 서비스라고
느꼈습니다. 캐치테이블 대기 번호를 받은 이후
매장 입장 시 그 누구도 인사나 안내가 전혀 없어서 꿔다놓은 보릿자루처럼 기다렸고 카운터쪽 남자분하고 눈이 마주처서 그제서야 ‘편한 자리에 앉으셔라’ 라는 안내를 받았습니다.

셀프 서비스화 되어 있는 듯 해 직원과의 직접적인 접점이 없으므로 어느정도 서비스의 결여는 예상했지만 식사 하고 나갈때까지 그 어떤 직원 분의 인사도 받지 못한건 많이 아쉽습니다.

셀프 서비스라 그렇습니다. 라고 넘기기엔
글쎄요... 오랜시간 추운 날씨에도 기다려주고 찾아와준 사람이 돈 쓰고도 유쾌하지 않은 기분을 가지고돌아가게될 줄이야... 😒

개인적으로는 고속도로 휴게소도 이 서비스보단 나은 느낌이 들어요.

하루에 몇백팀을 맞이하고자 재료준비부터 조리까지 힘든 과정이 있으신건 알고 있습니다만,
그래서 파트별로 직원이 많은것 아닐까요?

사장님이 해당 부분(서비스) 을 안일하게 생각하고 계신것 같아 많이 아쉽습니다.

충남 예산 시장 방문시에는 직원분들의 서비스를 보고
너무 기분 좋게 가족들과 즐기고 갔던 기억이 있다보니 백종원 대표님에 대한 신뢰가 더욱 높아져 있었던 상태라 더욱 더 실망입니다.

비슷한 리뷰가 많은 듯 해 이 부분은 매우 개선되어야 할 것 같네요. "
,5,2024.01.27.,유명해지면 벌레들이 많이꼬임 돈까스라는 메뉴에서 맥시멈 기대치라는게 낮은편인데 방구석 미식가들이 파인다이닝 먹듯이 평가함 그럼 니들이 차려서 연돈보다 유명하고 맛있게해서 팔아보세요 ㅋㅋㅋ 
,1,2024.01.24.,가스리이팅의 폐해
,4,2024.01.23.,"다좋은데
웨이팅..심각함 "
,4,2024.01.22.,제주도에서 꼭 방문해야 하는 곳!
,5,2024.01.18.,
,1,2024.01.16.,"서비스 완전 최악이에요. 
저는 푸드코트처럼 다 셀프로 하는지 몰랐네요. 테이블에 안내문을 붙혀주시지 직원분 두명한테 "" 왜 음식 안가져가세요?"" ""ㅎ 음식 나왔잖아요."" "" 테이블에 앉아있는 남자분이 오시면 될텐데"" 

물 셀프라서 물 가지러 갔다 들은 말이네요. 
테이블에서 직접 주문하고도 주문표도 안나오고 주문번호도 안뜨고 그래서 어떻게 우리껀지 알지? 하면서 테블릿만 쳐다보고 있었는데, 저런 말이나 듣구 2시간 기다려서 테이블링 예약하고 또 기다려서 1시에 겨우 밥먹는데 기분 진짜 상했어요.

그냥 기다린 사람들을 호구로 보고 수금 하시는건가요? 거기 오시는 분들은 다 한번씩 와보셨나봐요. 
콜라도 꺼내가라해서 찾는데 없길래 콜라 혹시 어디에있나요? 했더만 직원이 자기 자리에 서서  ""여기 밑에 있잖아요."" 손가락질 하며 안내해준게 기억 오래 남네요. 
카운터 서계시면 콜라라도 꺼내서 올려두시지 혼선있을까봐 손님도 많이 안들여보내시던데, 본인 발밑에 있는 콜라하나 올려주시면서 제가 꺼내드릴게요 한마디가 어려우신건지. 아니면 다 셀프니까 안해도 된다는 마인드인건지? 

카운터에서 손님 질문은 받기 싫은건지 추워서 밖에 안나오시는건지 추운 와중에도 밖에 손님들 기다리면서 안쪽에 테이블 많이 비는데 사람들이 안오는건지 안들여보내는건지 궁금해하시면서 눈치만 보고있었어요. 네 그거 카운터에서 손님 입장 안부르는거에요. 

왜 안부르시는건지도 밖에 써두시던지 안내원을 하나 배치하세요
안에 테이블 닦아주시는 분들 세분이나 계시던데 그래도 테이블 안닦여있더만 

밖에 사람 하나 세워서 ""죄송합니다 오늘 예약 마감되셨어요."" "" 조리시간 때문에 순차적으로 입장 도와드리고 있어요"" 이런 말 하나를 못들었네요.

치즈까스 품절이라고 써놓으셔서 66번째인데.. 치즈돈까스는 수량을 적게 하시나보다 했더니 안에서는 주문 받던데요? 
그냥 제때제때 뭐 하기 싫으신것 같아요. 

방문 전날에 늦게 갔는데 캐치테이블 마감되었다고 차라리 써놓던지.. 직원 식사중이니까 30분뒤에 문의 달라고 써있는데, 식사중도 아니시고 방문 당일에는 어떤가 봤더니 여전히 그 쪽지만 붙어있고 모르시는 분들은 마냥 기다리시겠어요.

맛은 있어요. 돈까스 튀김옷이 이런건 처음이네요 
그게 좀 신기했구요. 카레는 짰어요. 

아침 8시부터 기다려서, 오전 10시 30분에 테이블링 예약하고 다시 돌아가서 오후 1시 20분에 방문해서 식사하는데, 서비스 하나 때문에 재방문 절대 안해요. 
세상 그렇게 기다려서 먹은거 처음인데, 휴게소 푸드코트도 이런 서비스보다는 나을겁니다.  "
,5,2024.01.14.,"이제까지 먹어본 돈까스중에 단연 최고로 맛있음.
아쉽게 치즈까스 못먹어서 다음에 또 올것이다 ^^ "
,5,2024.01.13.,"1/12일 오전 7시 50분 대기 - 19번 받고
12시 30분에 입장해서 치즈카츠,안심카츠,등심카츠,카레 주문했습니다. 
치즈카츠를 많이 기대했는데, 오히려 치즈카츠가 평범했고 안심이랑 특히 등심이 맛있었습니다.
등심보다 안심을 선호하는데 연돈에서는 등심을 더 맛있게 먹었습니다.  10시에 와서 저녁으로 드시는게 웨이팅도 안하고 베스트인것같아요! "
,1,2024.01.11.,"3시간 기다려 매장 입장했는데
매장 안에 빈자리가 많아서 놀람~
앞에 게신 아주머니가 빈자리 많은데  
줄 세우는 이유를 물었더니
돈까스 튀기는 기계가 부족해서 라는데
저도 앞에 아주머니도 납득이 안 긴더라고요
상술의 냄새긴 물씬~~~~

돈까스와 음료수 주문했더니
음식 나왔다고 직원이 아랫사람 부르듯이
손목을 까딱거리며 와서 음식 받아가라고 손짓
하더라고요~  
음료수도 냉장고에서 꺼내 가라고 
진짜 이런 직원 교육 안된 식당은 2000년 들어
첨이네요~~~

구내식당도 아니고~
기뷰 좋게 여행 갔다가 기분 상해서 온 식당
연돈 다시는 안가고 싶은 식당 "
,1,2024.01.10.,"5시 반쯤 갔는데 매장 시식은 마감이라고 하셨습니다. 한창 저녁 시간인데 직원들도 많이 보였지만, 일찍 마감을 하시는 이유가 무엇인지 궁금합니다. 볼카츠는 바로 사먹을 수 있어서 치즈볼카츠를 사먹었는데... 치즈가 쭉 늘아나서 맛있는 것 같았지만, 돼지 잡내가 좀 나는 거 같았습니다. 너무 기대를 많이 하고 가서 대기만 길고 먹을 수도 없고 맛은 소문만큼 별로여서 실망만 하고 갑니다. "
,1,2024.01.10.,그닥…;;;
,2,2024.01.10.,"가성비 대비  한 번은  미션수행의  맘으로  먹겠으나 다시 방문하여 먹고 싶은 곳은 아닌 듯.
가장  크게 본 느낀 것은  모든 음식이 미지근하여
치즈까스도  등심,안심까스,카레가  그닥 맛이  없었던 것 같음.
또한 밥은  찐밥 같이 찰지지 않았고  등심은 너무 퍼퍽하고 깍두기는  시원한 맛으로 먹었음.
전체적으로 맛은 모르겠음. 맛있는 지.
그리고  테이블 정리 알바가 대충 대충하여  위생면에서 "
,4,2024.01.08.,"주차장이 작은 것이 아닌데도 꽉차서 더본호텔에까지 주차가 이어지고 있는것 같네요
돈가스는 아직도 웨이팅이 있어서 못먹고, 도시락와 치즈볼카츠를 먹었네요
도시락은 솔직히 좀 기름지다고 하나, 맛없는건 아닌데 단무지보다는 김치를 부르는 맛이었습니다 그게 4천원이라니 ! 가성비니까 더 맛있더라고요
치즈볼카츠는 치즈던가스 못먹은 한을 어느정도 풀어주었던것 같네요 "
,3,2024.01.07.,"안심은 중간 중간 찬게 안익었나? 생각드는 음식들이 있고 등심은 퍽퍽하고
돈까스만 먹었을때는 아무맛이 안났습니다.
카레는 향신료 향이 너무나서 호불호 있을것 같습니다. 예약하고 연돈 먹으려고 노력한 시간이 조금 아까웠습니다😂😂"
,2,2024.01.05.,"소문에비해 맛은 그다지...
친절은 눈씻고봐도 없는듯ㅜㅜ
다음에 안가고 싶어요 "
,5,2024.01.04.,
,3,2024.01.03.,"캣치테이블 앱으로 예약하는 방식으로 바뀌어서 그 전설의 연돈을 누구나 맛볼 기회를 가질 수 있게 된 점은 긍정적. 허나... 이 돈까스를 먹자고 밤을 센 사람이 있다는게 신기함. 퀄리티 5점만점. 허나 다른 돈까스 전문점에 비해 월등히 높지는 않음. 가격은 굿. 허나 서비스는... 다 셀프라 서비스라 할 건 없지만, 그나마 있는 메뉴 팍업 관리하시는 분이.. 그렇게까지 불친절해야하나 싶음. 아래 댓글마냥, 한번 먹어봤으니 이젠 되었다! "
,4,2024.01.02.,
,3,2023.12.26.,저녁에 웨이팅 걸고 먹었음. 사보텐이랑 별 다를거 없음. 치즈는 한참 전에 솔드아웃이던데 사람이 그렇게 많은데 프랩을 늘리던가 없에던가 하는게 나을듯. 그냥 티비 나온곳 가보고 싶으면 가고 아니면 안가는게 남. 화장실 노답 더러움.  
,5,2023.12.25.,"전설의 연돈 다녀왔어요 
평일 저녁이라 운좋게 거의 웨이팅없이 들어갔구요 
다시 오기 힘든 곳이라 안심까스 새우튀킴 카레 볼카츠 종류별로 시켜서 배터지게 먹었는데도 마지막 한 입까지 맛있었어요 "
,4,2023.12.25.,주차는 그냥 더본호텔에 했음 아직까지도 사람이 많음 치즈까스가 먹고싶지만 맨날 품절⁽⁽(ཀ д ཀ)⁾⁾ 등심 튀김이 정말 바삭하고 고기도 연함! 한번 먹어봤으니 나는 이제 되었다 ㅎ 
,5,2023.12.23.,
,3,2023.12.22.,"동네맛집처럼 근처 사시는 분들이 가야 좋은 가성비 식당입니다! 아직까지 평일도 웨이팅이 길어서 관광객들은 웨이팅하면서 기다리시는 거 비추입니다!
돈까스는 다 맛있고 치즈 돈까스는 품절이라 치즈볼카츠시켰는데 이건 비추!! 돈까스만 드세요! "
,4,2023.12.20.,돈까스 맛있어요
,4,2023.12.20.,사진에 후기를 자세히 적었습니다.
,5,2023.12.19.,"사장님 돈쭐내드리고싶어요 ㅠㅠㅠ 
이 가격에 이렇게 훌륭한 음식주셔서 감사합니다  "
,3,2023.12.19.,워낙 많은 사람이 오는 매장이니 어쩔수 없었나 싶긴 하다만... 고속도로 휴게소 방불케하는 분위기와 셀프 시스템 이거 맞나;; 맛은 있었으나 알아서 가져다 먹고 빠르게 해치우고 나가라는 듯한.. 방송에서 나왔던 음식이 우선인 모습이 아닌 장사가 우선이 된듯한게 과하게 눈에 보여서 별로였음 
,4,2023.12.19.,"평범쓰무난쓰
안심이맛있따 "
,4,2023.12.14.,"등심 한정 성수에 있는 돈카츠 맛집들이 더 맛있음..;;
등심은 뻑뻑함을 어떻게 무엇으로 잡는지가 관건인데, 연돈 등심돈까스는 더 맛있는 집들에 비해 등심스러움이 많이 느껴짐"
,4,2023.12.10.,앞에 30팀 남은 상태로 대기했는데 4-50분 걸려서 들어갔어요 매장이 엄청 커서 그런지 생각보다 대기가 빨리 빠져요 카레는 엄청 평범한 어디서나 먹을 수 있는 하이라이스 맛이에요 등심이랑 안심이랑 큰 차이는 없지만 바로 나왔을 때는 안심이 더 맛있어요 근데 연돈은 가격이 쌌을 때 맛있는 맛이지 이 가격 주고 먹을 정도로 엄청 맛있진 않아요 그냥 돈까스예요 관광객들이 엄청 많은데 관광객이라면 한 번쯤 올 만한 정도 같아요 그래도 흠 잡을 데 없는 맛이 맛있는 거라니까 대충 맛있다고 생각해요 
,3,2023.12.10.,
,4,2023.12.09.,대기하는 방법이 나름 합리적이어서 제주 여행 중 대기표 발행 시간에만 부지런하면 누구나 맛 볼 수 있음. 바삭함은 정말 인정. 연돈이란 경험을 맛 본다 생각하고 한 번은 방문할 만 합니다.  
,4,2023.12.07.,튀김이 바삭하고 치즈가 맛있아요. 한 번쯤 먹어볼만 하다! 
,1,2023.12.06.,"어렵게 대기받아 입장했는데
전혀 그럴 가치가 없는집이라는
나의생각...
테이블을 닦지도앉고
우리를 앉히는것부터
말이 안된다 생각했는데
맛은 어땠을까요~???
원하는 돈까스는 품절...
커리는 너무 짜서
먹고난 후 밤새도록 물을
마셨고 아침에 일어나 거울보니
얼굴이 퉁퉁부었네요
남편도 마찬가지구요~
백종원씨는 이 가게를 왜
극찬했을까요~???
아주 미스테리합니다
두 번다시 갈 가치를
못느낍니다
참고로 전 여간해서는
후기 안쓰는 사람입니다 "
,5,2023.12.05.,
,1,2023.12.04.,"가격 대비 맛은 아님.
몇시간 대기해서 먹을것은 아닌듯. "
,4,2023.11.27.,"줄서서 먹을만큼은 아닌거같아요
안심까스는 누린내도 좀 나던데요? "
,2,2023.11.26.,"연돈을 너무 기대하고 간건지 ㅜㅜ
11시부터  받은 대기번호는 150번대

너무 긴 기다림으로 음식을 다 먹고 싶은 
마음에 안심돈까스. 새우카레를 테이블로 주문.
음식을 기다리는데. 셀프로 가지고 간다고 해서
가지러 갔다. 주문한 음료도 샐프.위치도 자세히 알려주지도 않고. 물티슈가 없어 요청했더니
그것도 셀프라며. 어디에 있는지 알려달라고 했더니 종업원  옆에서 꺼내주며 뽑아가라고 ㅜ

그래도 음식은 실망시키지 않겠지 했는데 
카레는 너무 짜다. 한숟가락 먹고 더이상 먹지 않았고. 돈까스도 그냥  그냥..

이걸 먹어려고 긴 시간을 기다리며 왔나 싶은게 정말 왕짜증 ㅜㅜ

손님이 넘쳐나서 그런지.... 나만 음식에 대해 그렇게 느끼는건지???  손님에게 필요한 물품에 대한 서비스는 좀 배려가 있기를.... "
,5,2023.11.24.,
,5,2023.11.24.,치즈돈까스 등심돈까스
,5,2023.11.21.,"이‘가격’대에 제기준 1등
웨이팅은 여전히 있으나 걸어놓고 여행하다가 맞춰서 오면되어서 괜찮았음
느끼한 맛이 없으며 튀김옷이 식을수록 더 바삭해지는 신기했음

저의 최근 1등 돈까스는 일본 오사카내의 현지인 돈까스 집이였음
거긴 가격이 2-3만원 사이였음을 생각해보면 
일본대비 절반값이지만 맛에선 2배차이가 아님 "
,5,2023.11.16.,"저녁에 가면 치즈돈까스는 못먹지만 나머지 메뉴는 다 있고 웨이팅도 없어요~
카레가 추가가 아니고 밥이랑 같이 나오는 메뉴로 바뀌어서 그게 좀 아쉬워요
카레랑 등심돈까스는 아주 맛있었고, 안심돈까스는 별로였어요
푸드코트처럼 갖다먹고 다먹은그릇 반납하는 시스템이에요~ "
,2,2023.11.15.,육질은 아주 부드럽고 촉촉함. 내가 치즈를 좋아하는데 약간 짜네요. 돈까스 특성상 기름기가 많은것이 좀 거시기 하네요 가격은저렴한편이구요.. 몃시간씩 줄서서 먹기는좀... 
,3,2023.11.11.,"명성만큼의 맛과 가성비 딱 그 정도. 기대 이상은 아니다. 그래도 이런 고물가 시대 이 가격에 이 정도 퀄리티는 인정한다. 줄 오래서면거 먹을 필요는 없고, 다른 메뉴는 걍 보통, 안심이 최고다.  "
,2,2023.11.03.,"근데 너무 짜요
간이 맞아야 맛집이 된다지만, 건강에는 안좋을거 같아요

가격도 센데, 오더도 손님이 직접,  음식도 손님이 직접 나르고, 물도 셀프, 식기 반납까지...
그럼 좀 더 싸야하지 않을까요? "
,5,2023.11.02.,맛있고 가격도 저렴한편 돈가스의 튀김옷이 바삭바삭하며 고기의 질이 좋아보임
